id,incidence_date,conflict_type_id,country_id,region_id,state_id,lga_id,community,civilian_death_male,civilian_death_female,civilian_death_unknown,security_death_male,security_death_female,security_death_unknown,injured_male,injured_female,injured_unknown,kidnapped_male,kidnapped_female,kidnapped_unknown,displaced_persons,displaced_male,displaced_female,actor_1,actor_2,actor_3,description,action,highway_roads_water,confirmation_verification,verification_level,source_url,source_contact_details,source_contact_pictures,source_metadata,data_source,reporter_id,created_at,updated_at,deleted_at
199,2020-10-13,2,1,3,17,340,Shau,0,0,8,0,0,\N,0,0,\N,0,0,\N,No,0,0,2,4,22,Bandits kill Imam and 7 others,attack,\N,"Confirmed by the state Police Public Relations Officer, Mr. Gambo Isah,",1,https://www.thisdaylive.com/index.php/2020/10/13/bandits-kill-imam-12-others-in-katsina-niger-communities/,\N,\N,Sources: Thisday,Secondary,1,2026-01-25 11:22:30,2026-01-25 11:22:30,\N
200,2020-10-13,2,1,3,17,340,Ruwangodiya,0,0,2,0,0,\N,0,0,\N,0,0,\N,No,0,0,2,4,22,Bandits kill 2 in Katsina State,attack,\N,"Confirmed by the state Police Public Relations Officer, Mr. Gambo Isah,",1,https://www.thisdaylive.com/index.php/2020/10/13/bandits-kill-imam-12-others-in-katsina-niger-communities/,\N,\N,Sources: Thisday,Secondary,1,2026-01-25 11:22:30,2026-01-25 11:22:30,\N
201,2020-10-13,7,1,6,37,791,Ogbomosho,0,0,3,0,0,\N,0,0,\N,0,0,\N,No,0,0,21,19,22,Killed during protest,armed clash,\N,Confirmed by the principal secretary to the Soun (Traditional Chief),1,https://www.premiumtimesng.com/regional/ssouth-west/420389-endsars-three-more-people-killed-during-protests-in-ogbomoso.html,\N,\N,Sources: Premium Times,Secondary,1,2026-01-25 11:22:30,2026-01-25 11:22:30,\N
202,2020-10-13,12,1,1,3,60,Ngwom,0,0,14,0,0,\N,0,0,1,0,0,\N,No,0,0,3,23,22,Boko Haram kill 14 farmers,attack,\N,"Ibrahim Liman, eye witness",1,https://guardian.ng/news/boko-haram-jihadists-kill-14-farmers-in-nigeria/,\N,\N,Sources: The Guardian,Secondary,1,2026-01-25 11:22:30,2026-01-25 11:22:30,\N
203,2020-10-14,2,1,2,11,205,Kagara,0,0,4,0,0,\N,0,0,1,0,0,\N,No,0,0,2,11,22,Bandits kill 4 Niger Vigilantes,attack,\N,"Confirmed by the police spokesperson for Niger State, Wasiu Abiodun",1,https://www.premiumtimesng.com/news/headlines/420427-niger-state-four-killed-as-vigilante-members-raid-police-armoury-to-confront-bandits.html,\N,\N,Sources: Premium Times,Secondary,1,2026-01-25 11:22:30,2026-01-25 11:22:30,\N
204,2020-10-16,2,1,3,17,330,Dutsin Karare,0,0,11,0,0,\N,0,0,\N,0,0,\N,No,0,0,2,4,22,Tension in Katsina community over killing of 11 suspected bandits,attack,\N,"Confirmed spokesman for the Katsina Police Command, Gambo Isah",1,https://punchng.com/tension-in-katsina-community-over-killing-of-11-suspected-bandits/,\N,\N,Sources: Punch | Other: https://www.google.com/url?rct=j&sa=t&url=https://www.thisdaylive.com/index.php/2020/10/15/panic-as-katsina-volunteers-kill-11-suspected-bandits/&ct=ga&cd=CAEYBSoUMTEzMDQwNjk5NzM2Njg2ODUwNzcyGmNmMzEwZjBjNTg1MzNjM2E6Y29tOmVuOlVT&usg=AFQjCNGLeihG1tHLZ4Pdfd2fxNV31zVlpA,Secondary,1,2026-01-25 11:22:30,2026-01-25 11:22:30,\N
205,2020-10-16,7,1,1,5,91,Pave Chanchji,0,0,5,0,0,\N,0,0,\N,0,0,\N,No,0,0,21,19,22,Nigerian Soldiers Kill Five Protesting Secondary School Students In Taraba,attack,\N,Eye Witness,1,http://saharareporters.com/2020/10/16/nigerian-soldiers-kill-five-protesting-secondary-school-students-taraba,\N,\N,Sources: Saharareporters,Secondary,1,2026-01-25 11:22:30,2026-01-25 11:22:30,\N
206,2020-10-16,7,1,3,15,280,Fadan Karshi,0,0,2,0,0,\N,0,0,\N,0,0,\N,No,0,0,21,19,22,Two Persons Allegedly Killed By Soldiers,attack,\N,"Confirmed by the national public relations officer of SOKAPU Mr, Luka Binniyat",1,http://saharareporters.com/2020/10/16/two-persons-allegedly-killed-soldiers-during-southern-kaduna-protest-buried-sokapu,\N,\N,Sources: Saharareporters,Secondary,1,2026-01-25 11:22:30,2026-01-25 11:22:30,\N
207,2020-10-16,7,1,5,30,608,Benin,0,0,2,0,0,\N,0,0,1,0,0,\N,No,0,0,26,19,22,Two killed as thugs attack #EndSARS protesters in Edo,attack,\N,"Attempts to get the comments of the police were not successful as the state police commissioner, Johnson Kokumo, and the command’s police public relations officer, Chidi Nwabuzor, did not answer several calls to their phones.",1,https://www.premiumtimesng.com/news/headlines/421240-two-killed-as-thugs-attack-endsars-protesters-in-edo.html,\N,\N,Sources: Premium Times,Secondary,1,2026-01-25 11:22:30,2026-01-25 11:22:30,\N
208,2020-10-17,12,1,1,3,57,Jakana,0,0,\N,0,0,14,0,0,\N,0,0,\N,No,0,0,10,21,22,Jihadists kill 14 soldiers in attack on Nigerian army base,attack,\N,Eye Witness,1,https://www.theguardian.com/world/2020/oct/17/jihadists-kill-14-soldiers-in-attack-on-nigerian-army-base,\N,\N,Sources: The Guardian,Secondary,1,2026-01-25 11:22:30,2026-01-25 11:22:30,\N
209,2020-10-18,7,1,6,36,741,Alekuwodo,0,0,3,0,0,\N,0,0,\N,0,0,\N,No,0,0,21,19,22,3 protesters die in clash with security operatives,armed clash,\N,"Confirmed by the i Osun State Police Public Relations Officer, Mrs. Yemisi Opalola",1,https://guardian.ng/news/endsars-three-feared-killed-in-osogbo/,\N,\N,Sources: The Guardian,Secondary,1,2026-01-25 11:22:30,2026-01-25 11:22:30,\N
210,2020-10-20,6,1,1,1,16,Bang,0,0,1,0,0,\N,0,0,1,0,0,\N,No,0,0,8,4,22,"Suspected Herdsmen Kill One Farmer, Injure Another In Adamawa State",attack,\N,"Confirmed by the Spokesperson for the police in the state, DSP Suleiman Nguroje",1,http://saharareporters.com/2020/10/20/suspected-herdsmen-kill-one-farmer-injure-another-adamawa-state,\N,\N,Sources: Saharareporters,Secondary,1,2026-01-25 11:22:30,2026-01-25 11:22:30,\N
211,2020-10-20,4,1,2,9,792,Maraba/Alalubosa,0,0,2,0,0,\N,0,0,\N,0,0,\N,No,0,0,24,4,22,Suspected cultists kill two in Kwara,attack,\N,"Confirmed by the Police Public Relations Officer (PPRO), Ajayi Okasanmi",1,https://guardian.ng/news/suspected-cultists-kill-two-in-kwara/,\N,\N,Sources: The Guardian,Secondary,1,2026-01-25 11:22:30,2026-01-25 11:22:30,\N
212,2020-10-20,7,1,2,13,230,Kubwa,0,0,1,0,0,\N,0,0,\N,0,0,\N,No,0,0,26,19,22,#EndSARS protester stabbed in Abuja,attack,\N,"Confirmed by FCT Police PRO, Maryam Yusuf",1,https://guardian.ng/news/endsars-protester-stabbed-in-abuja-dies-in-hospital/,\N,\N,Sources: The Guardian,Secondary,1,2026-01-25 11:22:30,2026-01-25 11:22:30,\N
213,2020-10-20,7,1,6,32,790,Ore-Ekiti,0,0,1,0,0,\N,0,0,\N,0,0,\N,No,0,0,21,19,22,Police shoot protester,armed clash,\N,"The state police spokesperson, Sunday Abutu,Declined comment",1,\N,\N,\N,Sources: Premium Times,Secondary,1,2026-01-25 11:22:30,2026-01-25 11:22:30,\N
214,2020-10-20,7,1,2,13,230,Dutse Makaranta,0,0,5,0,0,\N,0,0,\N,0,0,\N,No,0,0,21,19,22,Five persons were reportedly killed by the gunfire and the hoodlum attack,armed clash,\N,"FCT Police PRO, Maryam Yusuf  disagreed",1,https://www.premiumtimesng.com/news/top-news/421960-endsars-protesters-clash-with-police-in-abuja-after-reported-killing.html,\N,\N,Sources: Premium Times,Secondary,1,2026-01-25 11:22:30,2026-01-25 11:22:30,\N
215,2020-10-20,7,1,3,16,295,Sabongari,0,0,2,0,0,\N,0,0,\N,0,0,\N,No,0,0,26,4,22,#Endsars hoolums kill two passerbys,attack,\N,"Confirmed by the Kano State police command, Abdullahi Kiyawa",1,https://www.premiumtimesng.com/news/top-news/421941-endsars-protest-turns-violent-as-thugs-protesters-clash-in-kano.html,\N,\N,Sources: Premium Times | Other: https://thenationonlineng.net/breaking-two-feared-killed-many-injured-in-kano-endsars-protest/,Secondary,1,2026-01-25 11:22:30,2026-01-25 11:22:30,\N
216,2020-10-21,2,1,3,20,417,Tungar Kwana,0,0,20,0,0,\N,0,0,\N,0,0,\N,No,0,0,2,4,22,20 killed by ‘bandits’ in Zamfara,attack,\N,"Confirmed by the police spokesperson for Zamfara State, Mohammed Shehu",1,https://www.premiumtimesng.com/news/headlines/422297-bandits-kill-20-in-fresh-attack-in-zamfara.html,\N,\N,Sources: Premium Times | Other: https://guardian.ng/news/20-killed-by-bandits-in-zamfara/,Secondary,1,2026-01-25 11:22:30,2026-01-25 11:22:30,\N
217,2020-10-21,5,1,5,28,793,Calabar,0,0,2,0,0,\N,0,0,\N,0,0,\N,No,0,0,18,1,22,Cross River mob lynches two suspected robbers,attack,\N,"Confirmed by the the state Police Command Public Relations Officer, DSP Irene Ugbo",1,https://punchng.com/police-fume-as-cross-river-mob-lynches-two-suspected-robbers/,\N,\N,Sources: Punch,Secondary,1,2026-01-25 11:22:30,2026-01-25 11:22:30,\N
218,2020-10-21,7,1,4,24,480,Nike Lake,0,0,2,0,0,\N,0,0,2,0,0,\N,No,0,0,21,19,22,police kill two protesters,attack,\N,"State police public Relations Office, Daniel Ndukwe denied the report",1,https://www.vanguardngr.com/2020/10/2-feared-dead-as-endsars-protest-turns-violent-in-enugu/,\N,\N,Sources: Vanguard,Secondary,1,2026-01-25 11:22:30,2026-01-25 11:22:30,\N
219,2020-10-22,7,1,4,23,458,Abakaliki,0,0,\N,0,0,2,0,0,\N,0,0,\N,No,0,0,7,21,22,EndSARS Protest: Hoodlums shoot 2 policemen,attack,\N,"Confirmed by the Commissioner of Police, Ebonyi State Command, CP Philip Sule Maku",1,https://www.vanguardngr.com/2020/10/endsars-protest-hoodlums-shoot-two-policemen-burn-police-stations-release-eight-suspects-in-ebonyi/,\N,\N,Sources: Vanguard,Secondary,1,2026-01-25 11:22:30,2026-01-25 11:22:30,\N
220,2020-10-23,7,1,4,22,451,Osumenyi,0,0,\N,0,0,2,0,0,\N,0,0,\N,No,0,0,7,21,22,"#EndSARS: DPO, one other killed, 5 police stations attacked in Anambra",attack,\N,"Confirmed by the Police public relations officer in the state, Mr Haruna Mohammed",1,https://www.vanguardngr.com/2020/10/endsars-dpo-one-other-killed-5-police-stations-attacked-in-anambra/,\N,\N,Sources: Vanguard,Secondary,1,2026-01-25 11:22:30,2026-01-25 11:22:30,\N
221,2020-10-23,7,1,6,33,794,Lekki,0,0,15,0,0,\N,0,0,\N,0,0,\N,No,0,0,21,19,22,#Endsars-dead protesters at Lekki Toll Gate’,attack,\N,Eye Witness,1,https://guardian.ng/news/we-counted-15-dead-protesters-at-lekki-toll-gate/,\N,\N,Sources: The Guardian,Secondary,1,2026-01-25 11:22:30,2026-01-25 11:22:30,\N
222,2020-10-25,12,1,1,6,110,Babangida,0,0,6,0,0,1,0,0,\N,0,0,\N,No,0,0,21,3,22,Police Shoot 6 Boko Haram Terrorist,armed clash,\N,"Confirmed by the Spokesman of the command, ASP Dungus Abdulkarim",1,https://www.vanguardngr.com/2020/10/just-in-police-kill-6-suspected-boko-haram-terrorists-in-yobe/,\N,\N,Sources: Vanguard,Secondary,1,2026-01-25 11:22:30,2026-01-25 11:22:30,\N
223,2020-10-26,2,1,3,17,340,Yantuwaru,0,0,2,0,0,\N,0,0,\N,0,0,6,No,0,0,7,4,22,Gumen kill two and abduct 6,attack,\N,"Confirmed by the The police spokesperson in the state, SP Gambo Isah",1,https://guardian.ng/news/nine-die-in-katsina-yobe-attacks/,\N,\N,Sources: The Guardian,Secondary,1,2026-01-25 11:22:30,2026-01-25 11:22:30,\N
224,2020-10-26,2,1,3,20,415,Lingyado,0,0,\N,0,0,\N,0,0,\N,0,0,5,No,0,0,7,4,22,Gunmen abduct 5,attack,\N,"Confirmed by the Police Public Relations Officer in the state, Mohammed Shehu",1,http://saharareporters.com/2020/10/26/bandits-kidnap-traditional-ruler-four-others-zamfara,\N,\N,Sources: Saharareporters,Secondary,1,2026-01-25 11:22:30,2026-01-25 11:22:30,\N
225,2020-10-26,2,1,3,14,256,Kyarama,0,0,\N,0,0,1,0,0,\N,0,0,\N,No,0,0,2,21,22,Gumen kill customs official,attack,\N,"Confirmed by thethe state police spokesperson, Audu Jinjiri",1,http://saharareporters.com/2020/10/26/bandits-kill-customs-officer-jigawa-steal-rifles,\N,\N,Sources: Saharareporters | Other: https://www.thisdaylive.com/index.php/2020/10/27/bandits-kill-customs-officer-in-jigawa-steal-rifles/,Secondary,1,2026-01-25 11:22:30,2026-01-25 11:22:30,\N
226,2020-10-29,12,1,1,3,48,Damboa,0,0,20,0,0,\N,0,0,\N,0,0,\N,No,0,0,21,3,22,Army Kill 20 terrorists,armed clash,\N,"Confirmed by  the Coordinator Defence Media Operations, Major General John Enenche",1,https://thenationonlineng.net/just-in-20-killed-in-failed-boko-haram-attack-on-army-camp/,\N,\N,Sources: The Nation | Other: https://punchng.com/22-insurgents-killed-during-attack-on-army-camp-in-borno/,Secondary,1,2026-01-25 11:22:30,2026-01-25 11:22:30,\N
227,2020-10-31,2,1,3,20,415,Dan Kurma,0,0,1,0,0,\N,0,0,\N,0,0,10,No,0,0,2,4,22,"Bandits kill one, kidnap 10 in Zamfara community",attack,\N,Eye witness,1,https://www.vanguardngr.com/2020/10/bandits-kill-one-kidnap-over-ten-persons-in-zamfara-community/,\N,\N,Sources: Vanguard,Secondary,1,2026-01-25 11:22:30,2026-01-25 11:22:30,\N
228,2020-11-02,5,1,2,12,215,Jos,0,0,8,0,0,\N,0,0,\N,0,0,\N,No,0,0,21,4,22,"Nigerian Soldiers Kill Eight Persons At Ex-House Of Reps Speaker, Yakubu Dogara’s Mansion In Jos, Dump Bodies Inside Mining Pond",armed clash,\N,Eye witness,1,http://saharareporters.com/2020/11/02/nigerian-soldiers-kill-eight-persons-ex-house-reps-speaker-yakubu-dogara%E2%80%99s-mansion-jos,\N,\N,Sources: Saharareporters,Secondary,1,2026-01-25 11:22:30,2026-01-25 11:22:30,\N
229,2020-11-03,12,1,1,3,47,Takulashi,0,0,11,0,0,\N,0,0,\N,0,0,9,No,0,0,3,4,22,"Boko Haram Kills 11, Abducts Nine Women in Borno",armed clash,\N,Eye witness,1,https://www.thisdaylive.com/index.php/2020/11/03/boko-haram-kills-11-abducts-nine-women-in-borno/,\N,\N,Sources: Thisday,Secondary,1,2026-01-25 11:22:30,2026-01-25 11:22:30,\N
230,2020-11-04,12,1,1,3,795,Malam Fatori,0,0,\N,0,0,9,0,0,\N,0,0,\N,No,0,0,3,21,22,Landmine kills 9 troops in northeast Nigeria,attack,\N,Eye witness,1,https://guardian.ng/news/landmine-kills-9-troops-in-northeast-nigeria/,\N,\N,Sources: The Guardian,Secondary,1,2026-01-25 11:22:30,2026-01-25 11:22:30,\N
231,2020-11-04,2,1,3,15,264,Rigachukun,0,0,1,0,0,\N,0,0,\N,0,0,\N,No,0,0,2,4,22,attack by bandits,armed clash,\N,Eye witness,1,https://www.vanguardngr.com/2020/11/bandits-kill-kaduna-pregnant-woman/,\N,\N,Sources: Vanguard,Secondary,1,2026-01-25 11:22:30,2026-01-25 11:22:30,\N
232,2020-11-06,2,1,3,17,340,Diskiru,0,0,5,0,0,1,0,0,\N,0,0,\N,No,0,0,21,2,22,"Military Kills Five Bandits, Loses One Soldier in Rescue Mission",armed clash,\N,"Coordinator of the Directorate of Defence Media Operations (DDMO), Major General John Enenche",1,https://www.thisdaylive.com/index.php/2020/11/06/military-kills-five-bandits-loses-one-soldier-in-rescue-mission/,\N,\N,Sources: Thisday | Other: https://guardian.ng/news/military-neutralises-five-bandits-in-katsina-loses-officer/,Secondary,1,2026-01-25 11:22:30,2026-01-25 11:22:30,\N
233,2020-11-12,2,1,3,20,406,Matseri,0,0,1,0,0,\N,0,0,\N,0,0,4,No,0,0,2,4,22,attack by kidnappers,attack,\N,"Confirmed by the Emir of Anka, who is also the Chairman, Zamfara State Council of Chiefs, Alhaji Attahiru Ahmed",1,https://punchng.com/bandits-abduct-zamfara-district-head-children-kill-rescuer/,\N,\N,Sources: Punch | Other: https://dailypost.ng/2020/11/11/district-head-four-children-abducted-in-zamfara-community/,Secondary,1,2026-01-25 11:22:30,2026-01-25 11:22:30,\N
234,2020-11-13,2,1,3,17,340,Dajin Wuta,0,0,1,0,0,\N,0,0,\N,0,0,\N,No,0,0,21,2,22,clash between bandits and troops,armed clash,\N,"Confirmed by the Acting Director, Defence Media Operations, Brigadier General Benard Onyeuko",1,https://punchng.com/troops-kill-bandit-rescue-katsina-kidnapped-victims/,\N,\N,Sources: Punch,Secondary,1,2026-01-25 11:22:30,2026-01-25 11:22:30,\N
235,2020-11-14,4,1,5,30,608,Sakponba,0,0,12,0,0,3,0,0,\N,0,0,\N,No,0,0,24,24,21,Cult clash claim 12,armed clash,\N,"Confirmed by the state Police Command’s spokesman, Chidi Nwabuzor",1,https://guardian.ng/news/12-killed-in-edo-cult-violence/,\N,\N,Sources: The Guardian,Secondary,1,2026-01-25 11:22:30,2026-01-25 11:22:30,\N
236,2020-11-16,2,1,3,15,268,Gidan-Busa,0,0,2,0,0,\N,0,0,\N,0,0,\N,No,0,0,21,2,22,armed clash between kidnappers and troops,armed clash,\N,"Confirmed by the state’s Commissioner for Internal Security and Home Affairs, Mr Samuel Aruwan\n\nRead more at: https://www.vanguardngr.com/2020/11/troops-rescue-9-kidnapped-persons-on-kaduna-abuja-highway/",1,https://www.vanguardngr.com/2020/11/troops-rescue-9-kidnapped-persons-on-kaduna-abuja-highway/,\N,\N,Sources: Vanguard,Secondary,1,2026-01-25 11:22:30,2026-01-25 11:22:30,\N
237,2020-11-17,2,1,3,15,264,Albasu,0,0,11,0,0,\N,0,0,\N,0,0,8,No,0,0,2,4,22,attack by bandits,attack,\N,Confirmed by  Internal Security and Home Affairs Commissioner Samuel Aruwan,1,https://thenationonlineng.net/bandits-kill-11-villagers-in-kaduna-councils/,\N,\N,Sources: The Nation | Other: https://punchng.com/bandits-kill-11-villagers-in-kaduna/,Secondary,1,2026-01-25 11:22:30,2026-01-25 11:22:30,\N
238,2020-11-17,2,1,3,15,282,Gidan Zaki,0,0,2,0,0,\N,0,0,\N,0,0,\N,No,0,0,2,4,22,attack by bandits,attack,\N,Confirmed by the military under operation sahel,1,https://www.vanguardngr.com/2020/11/breaking-bandits-kill-southern-kaduna-district-head-son/,\N,\N,Sources: Vanguard | Other: https://guardian.ng/news/nigeria/national/again-bandits-attack-southern-kaduna-kill-two-in-zangon-kataf/,Secondary,1,2026-01-25 11:22:30,2026-01-25 11:22:30,\N
239,2020-11-19,2,1,2,11,200,Mariga,0,0,\N,0,0,1,0,0,\N,0,0,14,No,0,0,2,21,4,attack by bandits,attack,\N,\N,1,https://www.vanguardngr.com/2020/11/bandits-kill-mobile-policeman-kidnap-14-others-in-niger/,\N,\N,Sources: Vanguard | Other: https://www.thisdaylive.com/index.php/2020/11/20/bandits-kill-policeman-kidnap-14-others-in-niger/,Secondary,1,2026-01-25 11:22:30,2026-01-25 11:22:30,\N
240,2020-11-20,8,1,5,27,551,Toru-Orua,0,0,\N,0,0,1,0,0,\N,0,0,\N,No,0,0,7,21,22,attack by gunmen,attack,\N,"Confirmed gunmen tgu Police Public Relations Officer attack tgu gunmen, Su Olugbenga Sedeyi",1,https://guardian.ng/news/gunmen-attack-dicksons-country-home-kill-one-security-aide/,\N,\N,Sources: The Guardian | Other: https://thenationonlineng.net/gunmen-kill-ex-governor-dicksons-police-guard/,Secondary,1,2026-01-25 11:22:30,2026-01-25 11:22:30,\N
241,2020-11-21,2,1,3,15,264,Rigasa,0,0,1,0,0,\N,0,0,1,0,0,\N,No,0,0,2,4,22,"bandits\' attack', 'attack', NULL, NULL, '1', 'http://saharareporters.com/2020/11/21/bandits-kill-student-union-leader-kaduna-injure-others', NULL, NULL, 'Sources: Saharareporters', 'Secondary', 1, '2026-01-25 11:22:30', '2026-01-25 11:22:30', NULL),
(242, '2020-11-21', 2, 1, 3, 17, 358, 'Sabuwa', 0, 0, 1, 0, 0, NULL, 0, 0, NULL, 0, 0, NULL, 'No', 0, 0, 2, 4, 22, 'bandits\' attack",attack,\N,\N,1,http://saharareporters.com/2020/11/21/bandits-kill-pdp-chairman-katsina,\N,\N,Sources: Saharareporters,Secondary,1,2026-01-25 11:22:30,2026-01-25 11:22:30,\N
243,2020-11-21,8,1,6,37,754,Igbo-Ora,0,0,1,0,0,2,0,0,\N,0,0,\N,No,0,0,7,21,4,clash between customs and smugglers,armed clash,\N,Confirmed by the state police command,1,https://www.premiumtimesng.com/news/headlines/427300-soldier-two-others-killed-as-customs-clash-with-smugglers-in-oyo.html,\N,\N,Sources: Premium Times | Other: https://www.vanguardngr.com/2020/11/soldier-2-others-killed-as-customs-smugglers-clash-at-igbo-ora,Secondary,1,2026-01-25 11:22:30,2026-01-25 11:22:30,\N
244,2020-11-22,7,1,6,32,790,Ado-Ekiti,0,0,\N,0,0,1,0,0,\N,0,0,\N,No,0,0,19,21,22,clash between police and  protesters,armed clash,\N,"Confirmed by  Police Public  Rations Officer, Ekiti Command, ASP Sunday Abutu",1,https://thenationonlineng.net/police-officer-killed-during-protest-in-ekiti-2/,\N,\N,Sources: The Nation | Other: https://punchng.com/cop-killed-during-protest-in-ekiti-police-station/,Secondary,1,2026-01-25 11:22:30,2026-01-25 11:22:30,\N
245,2020-11-22,8,1,2,10,180,Lafia,0,0,1,0,0,\N,0,0,\N,0,0,\N,No,0,0,14,4,22,Gunmen kill APC chairman,attack,\N,Confirmed by the Chairman of Karu LGA,1,https://www.premiumtimesng.com/news/headlines/427403-breaking-kidnapped-apc-chairman-found-dead,\N,\N,Sources: Premium Times,Secondary,1,2026-01-25 11:22:30,2026-01-25 11:22:30,\N
246,2020-11-23,5,1,6,32,790,Ado-Ekiti,0,0,1,0,0,\N,0,0,1,0,0,\N,No,0,0,21,4,22,Police Shoot civilians,armed clash,\N,"Confirmed by the state Police Public Relations Officer, Mr. Sunday Abutu",1,https://www.thisdaylive.com/index.php/2020/11/23/one-dead-as-policeman-allegedly-shoots-two-persons-in-ekiti,\N,\N,Sources: Thisday,Secondary,1,2026-01-25 11:22:30,2026-01-25 11:22:30,\N
247,2020-11-26,2,1,3,20,414,Tungar Haya,0,0,1,0,0,\N,0,0,\N,0,0,\N,No,0,0,2,4,22,"Bandits invade Zamfara community kill 1, villagers flee",attack,\N,"Confirmed by the spokesperson for the state police command, SP Mohammed Shehu",1,https://punchng.com/bandits-invade-zamfara-communities-kill-three-villagers-flee,\N,\N,Sources: Punch,Secondary,1,2026-01-25 11:22:30,2026-01-25 11:22:30,\N
248,2020-11-26,2,1,3,20,414,Sabon Sara,0,0,1,0,0,\N,0,0,\N,0,0,\N,No,0,0,2,4,22,"Bandits invade Zamfara community kill 1, villagers flee",attack,\N,"Confirmed by the spokesperson for the state police command, SP Mohammed Shehu",1,https://punchng.com/bandits-invade-zamfara-communities-kill-three-villagers-flee,\N,\N,Sources: Punch,Secondary,1,2026-01-25 11:22:30,2026-01-25 11:22:30,\N
249,2020-11-26,2,1,3,20,414,Magami,0,0,1,0,0,\N,0,0,\N,0,0,\N,No,0,0,2,4,22,"Bandits invade Zamfara community kill 1, villagers flee",attack,\N,"Confirmed by the spokesperson for the state police command, SP Mohammed Shehu",1,https://punchng.com/bandits-invade-zamfara-communities-kill-three-villagers-flee,\N,\N,Sources: Punch | Other: http://saharareporters.com/2020/11/26/residents-flee-bandits-invade-zamfara-communities-kill-three,Secondary,1,2026-01-25 11:22:30,2026-01-25 11:22:30,\N
250,2020-11-27,9,1,6,35,710,Elegbeka,0,0,1,0,0,\N,0,0,\N,0,0,\N,No,0,0,14,4,22,Bandits attack,attack,\N,"Confirmed by the Police Public Relations Officer (PPRO) for the Ondo State Command, Mr Tee-Leo Ikoro",1,https://www.thisdaylive.com/index.php/2020/11/27/suspected-kidnappers-kill-first-class-monarch-in-ondo,\N,\N,Sources: Thisday | Other: https://www.premiumtimesng.com/news/headlines/428232-gunmen-on-rampage-in-ondo-kill-monarch-two-others-rob-bank,Secondary,1,2026-01-25 11:22:30,2026-01-25 11:22:30,\N
251,2020-11-28,5,1,3,17,352,Malumfashi,0,0,1,0,0,\N,0,0,\N,0,0,\N,No,0,0,18,2,22,mob attack bandit,armed clash,\N,"Confirmed by  The police spokesperson, Gambo Isah",1,https://www.premiumtimesng.com/regional/nwest/428502-residents-beat-bandit-to-death-in-katsina,\N,\N,Sources: Premium Times,Secondary,1,2026-01-25 11:22:30,2026-01-25 11:22:30,\N
252,2020-11-29,12,1,1,3,62,Koshobe,0,0,43,0,0,\N,0,0,6,0,0,\N,No,0,0,3,23,22,terrorist attack,attack,\N,"Confirmed attack  John Enencanguard, vanguard Coordinteor, Defence Media Operteiins, and Ahmed Jibrin, former Director, Militaty Intelligence",1,https://www.vanguardngr.com/2020/11/boko-haram-kills-at-least-43-farm-workers-in-borno-militia,\N,\N,Sources: Vanguard,Secondary,1,2026-01-25 11:22:30,2026-01-25 11:22:30,\N
253,2020-12-02,2,1,2,11,201,Mangun,0,0,1,0,0,\N,0,0,\N,0,0,\N,No,0,0,4,2,22,Villagers kill one bandit,armed clash,\N,"Confirmed by Chairman of the State Emergency Agency, Alhaji Ibrahim Inga",1,https://www.vanguardngr.com/2020/12/villagers-in-niger-retaliate-bandits-attack-kill-one/,\N,\N,Sources: Vanguard,Secondary,1,2026-01-25 11:22:30,2026-01-25 11:22:30,\N
254,2020-12-04,2,1,3,19,405,Yabo Sayinna,0,0,2,0,0,\N,0,0,\N,0,0,\N,No,0,0,21,2,22,police kill bandits,armed clash,\N,"Confirmed by  The Commissioner of Police in the state, Mr Ibrahim Kaoje",1,https://guardian.ng/news/police-neutralise-2-bandits-in-sokoto-recover-rifles/,\N,\N,Sources: The Guardian | Other: https://dailypost.ng/2020/12/04/police-neutralize-two-bandits-recover-rifles-in-sokoto/,Secondary,1,2026-01-25 11:22:30,2026-01-25 11:22:30,\N
255,2020-12-04,8,1,6,32,796,Obagie,0,0,2,0,0,\N,0,0,\N,0,0,20,No,0,0,7,4,22,Kidnappers attack commuters,attack,\N,"Confirmed by the The Police Public Relations officers, SP Chidi Nwanbuzor",1,https://guardian.ng/news/two-killed-as-gunmen-abduct-many-on-edo-highway/,\N,\N,Sources: The Guardian | Other: https://www.pmnewsnigeria.com/2020/12/03/two-feared-killed-10-abducted-as-gunmen-hijack-bus-in-edo/,Secondary,1,2026-01-25 11:22:30,2026-01-25 11:22:30,\N
256,2020-12-07,2,1,3,15,264,Rigasa,0,0,2,0,0,\N,0,0,\N,0,0,\N,No,0,0,14,4,22,Bandits kill,attack,\N,"Confirmed by the The Commissioner for Internal Security and Home Affairs in Kaduna, Samuel Aruwan",1,https://guardian.ng/news/bandits-kill-victim-two-weeks-after-abduction-in-kaduna/,\N,\N,Sources: The Guardian | Other: https://punchng.com/kidnappers-kill-victim-held-for-two-weeks-in-kaduna-report/,Secondary,1,2026-01-25 11:22:30,2026-01-25 11:22:30,\N
257,2020-12-07,2,1,2,7,125,Adaka,0,0,3,0,0,\N,0,0,\N,0,0,\N,No,0,0,21,2,22,Military kill 3 bandits,armed clash,\N,"Confirmed by the Commander of OPWS, Major General Adeyemi Yekini",1,https://www.vanguardngr.com/2020/12/benue-military-in-gun-battle-with-bandits-kill-three-recover-weapons/,\N,\N,Sources: Vanguard | Other: https://thenationonlineng.net/soldiers-kill-three-suspected-bandits-in-benue-state/,Secondary,1,2026-01-25 11:22:30,2026-01-25 11:22:30,\N
258,2020-12-07,12,1,1,3,61,Yafa,0,0,1,0,0,\N,0,0,\N,0,0,\N,No,0,0,21,3,22,"Army eliminates 1 Boko Haram/ISWAP fighter, recovers arms, ammunition",attack,\N,"Confirmed by the acting Director, Defence Media Operations, Brigadier Benard Onyeuko",1,https://dailypost.ng/2020/12/07/army-eliminates-5-boko-haram-iswap-fighters-recovers-arms-ammunition-photos/,\N,\N,Sources: Daily post | Other: https://newsletterng.com/army-eliminates-5-boko-haram-iswap-fighters-recovers-arms-ammunition-photos/,Secondary,1,2026-01-25 11:22:30,2026-01-25 11:22:30,\N
259,2020-12-07,12,1,1,3,61,Margumari,0,0,4,0,0,\N,0,0,\N,0,0,\N,No,0,0,21,3,22,"Army eliminates 4 Boko Haram/ISWAP fighters, recovers arms, ammunition",attack,\N,"Confirmed by the acting Director, Defence Media Operations, Brigadier Benard Onyeuko",1,https://dailypost.ng/2020/12/07/army-eliminates-5-boko-haram-iswap-fighters-recovers-arms-ammunition-photos/,\N,\N,Sources: Daily post | Other: https://newsletterng.com/army-eliminates-5-boko-haram-iswap-fighters-recovers-arms-ammunition-photos/,Secondary,1,2026-01-25 11:22:30,2026-01-25 11:22:30,\N
260,2020-12-09,5,1,5,29,797,Okumagba,0,0,3,0,0,\N,0,0,\N,0,0,\N,No,0,0,18,1,22,Residents kill robbers,armed clash,\N,"Confirmed by the tate police command, DSP Onome Onovwakpoyeya",1,https://www.sunnewsonline.com/mob-roasts-3-suspected-armed-robbers-in-delta/,\N,\N,Sources: The Sun | Other: https://www.vanguardngr.com/2020/12/angry-mob-set-three-suspected-armed-robbers-on-fire-in-delta/,Secondary,1,2026-01-25 11:22:30,2026-01-25 11:22:30,\N
261,2020-12-09,5,1,5,29,590,Ekiugbo,0,0,1,0,0,\N,0,0,\N,0,0,\N,No,0,0,18,24,22,Residents kill cultist,attack,\N,Eye Witness,1,https://www.sunnewsonline.com/another-suspected-cultist-burnt-alive-in-delta-community/,\N,\N,Sources: The Sun | Other: https://tribuneonlineng.com/mob-sets-another-suspected-cultist-ablaze-in-delta/,Secondary,1,2026-01-25 11:22:30,2026-01-25 11:22:30,\N
262,2020-12-10,2,1,2,11,205,Garin Gabas,0,0,\N,0,0,\N,0,0,\N,0,0,5,No,0,0,2,4,22,"Bandits Kidnap Traditional Ruler, APC Youth Leader, Others in Niger State",attack,\N,"Confirmed by the the Director-General of the Niger State Emergency Management Agency, Ahmed Inga,",1,http://saharareporters.com/2020/12/10/bandits-kidnap-traditional-ruler-apc-youth-leader-others-niger-state,\N,\N,Sources: Saharareporters | Other: https://www.thisdaylive.com/index.php/2020/12/10/bandits-kidnap-district-head-nurse-two-children-in-niger/,Secondary,1,2026-01-25 11:22:30,2026-01-25 11:22:30,\N
263,2020-12-10,2,1,2,10,780,Agwan Mada,0,0,2,0,0,\N,0,0,\N,0,0,\N,No,0,0,21,2,22,Military kill 2 bandits,attack,\N,confirmed by the Coordinator Defence Media Operations Major General John Enenche,1,https://www.sunnewsonline.com/soldiers-kill-2-notorious-bandits-in-nassarawa-destroys-operational-base-recovers-weapons/,\N,\N,Sources: The Sun | Other: https://www.channelstv.com/2020/12/10/troops-kill-two-notorious-bandits-in-nasarawa-recover-rifles/,Secondary,1,2026-01-25 11:22:30,2026-01-25 11:22:30,\N
264,2020-12-12,2,1,3,20,413,Kuryar Madaro,0,0,\N,0,0,\N,0,0,\N,0,0,5,No,0,0,2,4,22,Bandits kidnap 5,attack,\N,Eye Witness,1,https://punchng.com/bandits-kidnap-nonagenarian-four-others-in-zamfara/,\N,\N,Sources: Punch | Other: https://www.pressreader.com/nigeria/the-punch/20201212/281801401548159,Secondary,1,2026-01-25 11:22:30,2026-01-25 11:22:30,\N
265,2020-12-12,6,1,6,37,754,Apodun,0,0,1,0,0,\N,0,0,1,0,0,\N,No,0,0,8,23,22,"Herdsmen kill one, Injure one",attack,\N,Eye Witness,1,https://punchng.com/herdsmen-attack-two-kill-prominent-oyo-farmer-aborode/,\N,\N,Sources: Punch | Other: https://www.latestnigeriannews.com/p/39260/herdsmen-attack-two-kill-prominent-oyo-farmer-aborode.html,Secondary,1,2026-01-25 11:22:30,2026-01-25 11:22:30,\N
266,2020-12-13,6,1,2,7,125,Tse Angbande,0,0,4,0,0,\N,0,0,7,0,0,\N,No,0,0,8,4,22,"Herdsmen kill 4, Injure 7",attack,\N,Eye Witness,1,https://www.vanguardngr.com/2020/12/suspected-herdsmen-kill-clan-head-in-law-son-brother-in-benue/,\N,\N,Sources: Vanguard,Secondary,1,2026-01-25 11:22:30,2026-01-25 11:22:30,\N
267,2020-12-13,12,1,1,6,798,Goniri,0,0,9,0,0,\N,0,0,\N,0,0,\N,No,0,0,21,3,22,Military kill 9 boko haram terrorist,armed clash,\N,"Confirmed by  the  acting Director Defence, Media Operations Brig-Gen. Bernard Onyeuko",1,https://guardian.ng/news/army-kill-nine-boko-haram-terrorists-in-borno-yobe/,\N,\N,Sources: The Guardian,Secondary,1,2026-01-25 11:22:30,2026-01-25 11:22:30,\N
268,2020-12-13,2,1,3,17,346,Yar Kuka,0,0,12,0,0,\N,0,0,\N,0,0,10,No,0,0,2,4,22,Bandits attack,attack,\N,Eye Witness,1,http://saharareporters.com/2020/12/13/bandits-kill-12-abduct-10-fresh-attack-katsina-communities,\N,\N,Sources: Saharareporters,Secondary,1,2026-01-25 11:22:30,2026-01-25 11:22:30,\N
269,2020-12-13,2,1,2,11,207,Chukuba,0,0,1,0,0,\N,0,0,\N,0,0,20,No,0,0,2,4,22,bandits kill pastor,attack,\N,Eye Witness,1,https://thenationonlineng.net/bandits-kill-pastor-kidnap-20-in-niger/,\N,\N,Sources: The Nation,Secondary,1,2026-01-25 11:22:30,2026-01-25 11:22:30,\N
270,2020-12-19,2,1,3,15,283,Funtua,0,0,8,0,0,\N,0,0,\N,0,0,\N,No,0,0,2,4,22,Bandits kill attack emir,attack,\N,"Confirmed  by the  police commissioner in Zamfara state, Mr.Usman Nagogo",1,https://www.vanguardngr.com/2020/12/gunmen-attack-zamfara-emir-kill-8-in-his-convoy/,\N,\N,Sources: Vanguard | Other: https://www.premiumtimesng.com/news/top-news/431912-gunmen-attack-emirs-convoy-kill-eight.html,Secondary,1,2026-01-25 11:22:30,2026-01-25 11:22:30,\N
271,2020-12-19,9,1,5,30,609,Oza,0,0,1,0,0,\N,0,0,\N,0,0,1,No,0,0,14,4,22,Kidnappers  attack Edo Hos,attack,\N,Eye Witness,1,https://www.vanguardngr.com/2020/12/insecurity-gunmen-abducts-edo-hos-kill-driver/,\N,\N,Sources: Vanguard | Other: https://dispatchist.com/news/gunmen-abducts-edo-hos-kill-driver/,Secondary,1,2026-01-25 11:22:30,2026-01-25 11:22:30,\N
272,2020-12-19,2,1,3,17,346,Kankara,0,0,\N,0,0,\N,0,0,\N,0,0,344,No,0,0,2,4,22,Bandits kidnap 344 boys,attack,\N,"Confirmed by  John Enenche, the Coordinator, Defence Media Operations, and Ahmed Jibrin, former Director, Military Intelligence",1,https://www.premiumtimesng.com/news/headlines/432132-how-we-rescued-kankara-school-boys-military.html,\N,\N,Sources: Premium Times,Secondary,1,2026-01-25 11:22:30,2026-01-25 11:22:30,\N
273,2020-12-22,2,1,3,15,262,Katarma,0,0,7,0,0,\N,0,0,4,0,0,3,No,0,0,2,4,22,Bandits attack,attack,\N,"Confirmed by  Samuel Aruwan, Commissioner, Ministry of Internal Security and Home Affairs",1,https://www.vanguardngr.com/2020/12/again-bandits-kill-7-injure-4-kidnap-3-in-southern-kaduna/,\N,\N,Sources: Vanguard,Secondary,1,2026-01-25 11:22:30,2026-01-25 11:22:30,\N
274,2020-12-24,2,1,3,17,329,Gomata,0,0,2,0,0,\N,0,0,\N,0,0,1,No,0,0,2,4,22,bandits kill village head,attack,\N,Eye Witness,1,http://saharareporters.com/2020/12/24/village-head-son-killed-wife-kidnapped-fresh-bandits%E2%80%99-attack-katsina-community,\N,\N,Sources: Saharareporters,Secondary,1,2026-01-25 11:22:30,2026-01-25 11:22:30,\N
275,2020-12-24,2,1,3,17,329,Kori,0,0,\N,0,0,\N,0,0,\N,0,0,11,No,0,0,2,4,22,Bandits kidnapp 11 in attack on Katsina community,attack,\N,Eye witness,1,http://saharareporters.com/2020/12/24/village-head-son-killed-wife-kidnapped-fresh-bandits%E2%80%99-attack-katsina-community,\N,\N,Sources: Saharareporters | Other: https://www.latestnigeriannews.com/p/77317/village-head-son-killed-wife-kidnapped-in-fresh-bandits-attack-on-katsina-commun.html,Secondary,1,2026-01-25 11:22:30,2026-01-25 11:22:30,\N
276,2020-12-24,2,1,3,17,329,Gomata,0,0,2,0,0,\N,0,0,\N,0,0,1,No,0,0,2,4,22,"Bandits kill Village Head, son and kidnap wife Kidnapped in attack on Katsina community",attack,\N,Eye Witness,1,http://saharareporters.com/2020/12/24/village-head-son-killed-wife-kidnapped-fresh-bandits%E2%80%99-attack-katsina-community,\N,\N,Sources: Saharareporters | Other: https://www.latestnigeriannews.com/p/77317/village-head-son-killed-wife-kidnapped-in-fresh-bandits-attack-on-katsina-commun.html,Secondary,1,2026-01-25 11:22:30,2026-01-25 11:22:30,\N
277,2020-12-25,2,1,3,15,263,Galadimawa,0,0,5,0,0,2,0,0,\N,0,0,\N,No,0,0,2,4,22,Bandits  attack,armed clash,\N,"Confirmed by the The Commissioner for Internal Security and Home Affairs, Samuel Aruwan",1,https://guardian.ng/news/bandits-kill-seven-in-kaduna-fresh-attack/,\N,\N,Sources: The Guardian | Other: https://www.channelstv.com/2020/12/18/bandits-kill-seven-in-kaduna-attack/,Secondary,1,2026-01-25 11:22:30,2026-01-25 11:22:30,\N
278,2020-12-25,2,1,3,15,280,Fadan Karshi,0,0,8,0,0,\N,0,0,\N,0,0,\N,No,0,0,18,2,22,Residents kill bandits,armed clash,\N,"Confirmed by Samuel Aruwan , Commissioner, Ministry of Internal Security and Home Affairs, Kaduna State",1,https://www.vanguardngr.com/2020/12/mobs-kill-six-bandits-in-southern-kaduna/,\N,\N,Sources: Vanguard,Secondary,1,2026-01-25 11:22:30,2026-01-25 11:22:30,\N
279,2020-12-25,2,1,3,14,241,Kalgo,0,0,\N,0,0,2,0,0,1,0,0,\N,No,0,0,2,4,22,Bandits kill two police officers,armed clash,\N,"Confirmed by the the PPRO Jigawa State Command, SP Abdu Jinjiri",1,https://www.vanguardngr.com/2020/12/bandits-kill-two-senior-police-officers-one-other-injured-in-jigawa/,\N,\N,Sources: Vanguard,Secondary,1,2026-01-25 11:22:30,2026-01-25 11:22:30,\N
280,2020-12-25,8,1,5,29,799,Ohorhe,0,0,\N,0,0,\N,0,0,\N,0,0,2,No,0,0,7,4,22,"Fear grips Delta community, students abandon school as gunmen abduct teachers in broad daylight",attack,\N,Eye witness,1,https://punchng.com/fear-grips-delta-community-students-abandon-school-as-gunmen-abduct-teachers-in-broad-daylight/,\N,\N,Sources: Punch,Secondary,1,2026-01-25 11:22:30,2026-01-25 11:22:30,\N
281,2020-12-26,2,1,2,11,207,Kuchwyi,0,0,\N,0,0,\N,0,0,\N,0,0,1,No,0,0,2,4,22,1kidnapped in bandits attack in Niger,attack,\N,Eye Witness,1,https://thenationonlineng.net/five-kidnapped-in-bandits-attack-in-niger/,\N,\N,Sources: The Nation | Other: https://newsexpressngr.com/news/113684-Five-kidnapped-in-bandits-attack-in-Niger,Secondary,1,2026-01-25 11:22:30,2026-01-25 11:22:30,\N
282,2020-12-26,2,1,2,11,207,nbh,0,0,\N,0,0,\N,0,0,\N,0,0,1,No,0,0,2,4,22,1 kidnapped in bandits attack in Niger,attack,\N,Eye Witness,1,https://thenationonlineng.net/five-kidnapped-in-bandits-attack-in-niger/,\N,\N,Sources: The Nation | Other: https://newsexpressngr.com/news/113684-Five-kidnapped-in-bandits-attack-in-Niger,Secondary,1,2026-01-25 11:22:30,2026-01-25 11:22:30,\N
283,2020-12-26,2,1,2,11,207,Rongo,0,0,\N,0,0,\N,0,0,\N,0,0,4,No,0,0,2,4,22,4 kidnapped in bandits attack in Niger,attack,\N,Eye Witness,1,https://thenationonlineng.net/five-kidnapped-in-bandits-attack-in-niger/,\N,\N,Sources: The Nation | Other: https://newsexpressngr.com/news/113684-Five-kidnapped-in-bandits-attack-in-Niger,Secondary,1,2026-01-25 11:22:30,2026-01-25 11:22:30,\N
284,2020-12-26,2,1,2,11,190,Kampala,0,0,1,0,0,\N,0,0,\N,0,0,3,No,0,0,2,4,22,Bandits kill one and kidnap 3,attack,\N,Eye Witness,1,https://www.thisdaylive.com/index.php/2020/12/26/bandits-kill-pdp-chieftain-kidnap-3-daughters-in-niger/,\N,\N,Sources: Thisday | Other: https://www.today.ng/news/metro/bandits-kill-pdp-chieftain-kidnap-three-daughters-niger-335468,Secondary,1,2026-01-25 11:22:30,2026-01-25 11:22:30,\N
285,2020-12-27,8,1,6,37,759,Iwajowa,0,0,3,0,0,\N,0,0,1,0,0,\N,No,0,0,7,4,22,Bandits attack farmers,attack,\N,Eye Witness,1,http://saharareporters.com/2020/12/27/suspected-fulani-herdsmen-kill-three-farmers-oyo,\N,\N,Sources: Saharareporters | Other: https://latestpronewszone.blogspot.com/2020/12/suspected-fulani-herdsmen-kill-three_74.html?hl=ar,Secondary,1,2026-01-25 11:22:30,2026-01-25 11:22:30,\N
286,2020-12-27,2,1,2,11,201,Tunga - Iliya,0,0,5,0,0,\N,0,0,\N,0,0,\N,No,0,0,21,2,22,Police kill bandits,armed clash,\N,"Confirmed by the Police Public Relations Officer, ASP Wasiu Abiodun",1,https://thenationonlineng.net/police-kill-five-bandits-arrest-11-others-in-niger/,\N,\N,Sources: The Nation | Other: https://www.blueprint.ng/police-kill-5-bandits-arrest-11-in-niger-as-kidnapped-kaduna-pfn-chair-wife-regain-freedom/,Secondary,1,2026-01-25 11:22:30,2026-01-25 11:22:30,\N
287,2020-12-27,9,1,4,25,513,Owerri West,0,0,\N,0,0,\N,0,0,\N,0,0,2,No,0,0,14,4,22,Kidnappers kidnap Bishop and lady,attack,\N,"Confirmed by  The Imo State police spokesman, Orlando Ikeokwu",1,https://www.vanguardngr.com/2021/01/few-persons-arrested-linked-to-owerri-bishop-kidnap-police/,\N,\N,Sources: Vanguard,Secondary,1,2026-01-25 11:22:30,2026-01-25 11:22:30,\N
288,2020-12-27,12,1,1,3,53,Tashan Alade,0,0,\N,0,0,\N,0,0,\N,0,0,\N,No,0,0,3,4,22,Boko Haram attack Borno Community,attack,\N,"Confirmed by Isa Gusau, the spokesperson to Governor Babagana Zulum",1,https://www.premiumtimesng.com/news/headlines/433564-three-killed-schools-others-destroyed-as-boko-haram-attacks-borno-communities-official.html,\N,\N,Sources: Premium Times,Secondary,1,2026-01-25 11:22:30,2026-01-25 11:22:30,\N
289,2020-12-27,12,1,1,3,53,Azare,0,0,\N,0,0,\N,0,0,\N,0,0,\N,No,0,0,3,4,22,Boko Haram attack Borno Community,attack,\N,"Confirmed by Isa Gusau, the spokesperson to Governor Babagana Zulum",1,https://www.premiumtimesng.com/news/headlines/433564-three-killed-schools-others-destroyed-as-boko-haram-attacks-borno-communities-official.html,\N,\N,Sources: Premium Times,Secondary,1,2026-01-25 11:22:30,2026-01-25 11:22:30,\N
290,2020-12-27,12,1,1,3,53,Sabon-Kasuwa,0,0,\N,0,0,\N,0,0,\N,0,0,\N,No,0,0,3,4,22,Boko Haram attack Borno Community,attack,\N,"Confirmed by Isa Gusau, the spokesperson to Governor Babagana Zulum",1,https://www.premiumtimesng.com/news/headlines/433564-three-killed-schools-others-destroyed-as-boko-haram-attacks-borno-communities-official.html,\N,\N,Sources: Premium Times,Secondary,1,2026-01-25 11:22:30,2026-01-25 11:22:30,\N
291,2020-12-27,12,1,1,3,53,Debro,0,0,\N,0,0,\N,0,0,\N,0,0,\N,No,0,0,3,4,22,Boko Haram attack Borno Community,attack,\N,"Confirmed by Isa Gusau, the spokesperson to Governor Babagana Zulum",1,https://www.premiumtimesng.com/news/headlines/433564-three-killed-schools-others-destroyed-as-boko-haram-attacks-borno-communities-official.html,\N,\N,Sources: Premium Times,Secondary,1,2026-01-25 11:22:30,2026-01-25 11:22:30,\N
292,2020-12-27,12,1,1,3,53,Shafa,0,0,3,0,0,\N,0,0,\N,0,0,\N,No,0,0,3,4,22,3 kiled in Boko Haram attack on Borno,attack,\N,"Confirmed by Isa Gusau, the spokesperson to Governor Babagana Zulum",1,https://www.premiumtimesng.com/news/headlines/433564-three-killed-schools-others-destroyed-as-boko-haram-attacks-borno-communities-official.html,\N,\N,Sources: Premium Times,Secondary,1,2026-01-25 11:22:30,2026-01-25 11:22:30,\N
293,2020-12-27,2,1,2,11,205,Madaka,0,0,1,0,0,\N,0,0,\N,0,0,\N,No,0,0,2,4,22,Bandits kill,attack,\N,Confirmed by the Chief of Staff to the Rafi local government Council Chairman Alhaji Mohammed Mohammed,1,https://www.thisdaylive.com/index.php/2020/12/27/bandits-kill-kidnapped-niger-village-head/,\N,\N,Sources: Thisday | Other: https://www.channelstv.com/2020/12/26/bandits-kill-village-head-in-niger-one-week-after-abduction/,Secondary,1,2026-01-25 11:22:30,2026-01-25 11:22:30,\N
294,2020-12-28,2,1,2,11,800,Kuchi,0,0,\N,0,0,\N,0,0,\N,0,0,17,No,0,0,2,4,22,Bandits kidnap residents,attack,\N,"Confirmed by  the member representing the constituency in the state House of Assembly, Mr Andrew Jagaba",1,https://punchng.com/bandits-kidnap-niger-lg-chairs-parents-15-others/,\N,\N,Sources: Punch | Other: https://www.pressreader.com/nigeria/the-punch/20201228/281676847524046,Secondary,1,2026-01-25 11:22:30,2026-01-25 11:22:30,\N
295,2020-12-28,2,1,3,17,359,Runka,0,0,1,0,0,\N,0,0,\N,0,0,2,No,0,0,2,4,22,"Bandits kill 1, kidnap couple",attack,\N,"Confirmed by the  Police Public Relations Officer in the state, Gambo Isah",1,http://saharareporters.com/2020/12/29/bandits-kill-katsina-lawmaker%E2%80%99s-uncle-kidnap-newlyweds,\N,\N,Sources: Saharareporters | Other: https://www.channelstv.com/2020/12/28/bandits-kill-lawmakers-uncle-abduct-newlyweds-in-katsina/,Secondary,1,2026-01-25 11:22:30,2026-01-25 11:22:30,\N
296,2020-12-28,2,1,3,15,262,Kajuru,0,0,1,0,0,\N,0,0,\N,0,0,\N,No,0,0,2,2,22,Rival bandits clash,armed clash,\N,"Confirmed by samuel Aruwan , Commissioner, Ministry of Internal Security and Home Affairs, Kaduna State",1,https://www.vanguardngr.com/2020/12/bandits-fight-each-other-in-kaduna-forest-kingpin-nasiru-kachalla-others-killed/,\N,\N,Sources: Vanguard,Secondary,1,2026-01-25 11:22:30,2026-01-25 11:22:30,\N
297,2020-12-29,5,1,3,17,333,Charanchi,0,0,3,0,0,\N,0,0,\N,0,0,\N,No,0,0,18,2,22,Mob kill bandits,attack,\N,Eye Witness,1,http://saharareporters.com/2020/12/29/residents-kill-set-ablaze-three-bandits-katsina,\N,\N,Sources: Saharareporters,Secondary,1,2026-01-25 11:22:30,2026-01-25 11:22:30,\N
298,2021-01-03,2,1,2,11,201,Babban Rami,0,0,7,0,0,\N,0,0,\N,0,0,\N,No,0,0,2,23,22,Bandits kill farmers,attack,\N,Eye Witness,1,https://www.vanguardngr.com/2021/01/subject-bandits-shot-dead-seven-farmers-in-their-farm-in-niger-state/,\N,\N,Sources: Vanguard,Secondary,1,2026-01-25 11:22:30,2026-01-25 11:22:30,\N
299,2021-01-03,2,1,3,15,263,Kaya,0,0,14,0,0,\N,0,0,9,0,0,\N,No,0,0,2,4,22,Bandits kill 14,attack,\N,"Confirmed by Samuel Aruwan , Commissioner, Ministry of Internal Security and Home Affairs, Kaduna State",1,https://www.premiumtimesng.com/news/headlines/434693-bandits-attack-kaduna-community-kill-14.html,\N,\N,Sources: Premium Times,Secondary,1,2026-01-25 11:22:30,2026-01-25 11:22:30,\N
300,2021-01-03,2,1,3,15,264,Kawaran Rafi,0,0,1,0,0,\N,0,0,\N,0,0,\N,No,0,0,2,4,22,bandits kill  Imam,attack,\N,Confirmed by  Internal Security and Home Affairs Commissioner Samuel Aruwan,1,https://guardian.ng/news/bandits-kill-kaduna-imam-community-leader-for-condemning-kidnapping-rustling/,\N,\N,Sources: The Guardian | Other: https://locat8.com/bandits-kill-kaduna-imam-community-leader-for-condemning-kidnapping-rustling/,Secondary,1,2026-01-25 11:22:30,2026-01-25 11:22:30,\N
301,2021-01-04,2,1,1,3,801,Matari,0,0,\N,0,0,\N,0,0,\N,0,0,2,No,0,0,2,4,22,Bandits kidnap 2,attack,\N,Eye Witness,1,https://guardian.ng/news/bandits-abduct-un-employee-students-leader-in-borno/,\N,\N,Sources: The Guardian | Other: https://www.latestnigeriannews.com/p/99402/bandits-abduct-un-employee-students-leader-in-borno.html,Secondary,1,2026-01-25 11:22:30,2026-01-25 11:22:30,\N
302,2021-01-05,2,1,3,15,261,Zankoro,0,0,9,0,0,\N,0,0,\N,0,0,\N,No,0,0,2,4,22,Bandits kill 9,attack,\N,"Confirmed by the Chairman of the Birnin-Gwari Progressives Union, Mr Salisu Haruna",1,https://punchng.com/bandits-kill-nine-travellers-on-kaduna-highway-kidnap-11/,\N,\N,Sources: Punch | Other: https://thenationonlineng.net/bandits-kill-nine-kidnap-11-on-kaduna-highway/,Secondary,1,2026-01-25 11:22:30,2026-01-25 11:22:30,\N
303,2021-01-05,2,1,3,15,261,Dan Kungi,0,0,\N,0,0,\N,0,0,\N,0,0,11,No,0,0,2,4,22,Bandits kidnap 11,attack,\N,"Confirmed by the Chairman of the Birnin-Gwari Progressives Union, Mr Salisu Haruna",1,https://punchng.com/bandits-kill-nine-travellers-on-kaduna-highway-kidnap-11/,\N,\N,Sources: Punch | Other: https://thenationonlineng.net/bandits-kill-nine-kidnap-11-on-kaduna-highway/,Secondary,1,2026-01-25 11:22:30,2026-01-25 11:22:30,\N
304,2021-01-06,2,1,3,17,346,Pauwa \nBushland,0,0,6,0,0,\N,0,0,\N,0,0,\N,No,0,0,21,2,22,Security operatives kill 6 bandits,armed clash,\N,"Confirmed by the Katsina Police Public Relations Officer, Gambo Isah",1,https://www.google.com/search?q=Six+Bandits+Killed+In+Katsina&rlz=1C1CHBF_enNG880NG880&oq=Six+Bandits+Killed+In+Katsina&aqs=chrome..69i57j69i59i450l4j69i60l3.429j0j7&sourceid=chrome&ie=UTF-8,\N,\N,Sources: channelstv,Secondary,1,2026-01-25 11:22:30,2026-01-25 11:22:30,\N
305,2021-01-06,2,1,2,10,184,Buga/Gwari,0,0,1,0,0,\N,0,0,\N,0,0,20,No,0,0,2,4,22,"Bandits kill one, kidnap 20",armed clash,\N,"Confirmed by The Police Public Relations Officer (PPRO), ASP Ramhan Nansel, who confirmed the incident yesterday",1,https://guardian.ng/news/gunmen-kill-one-abduct-20-passengers-in-nasarawa/,\N,\N,Sources: The Guardian | Other: https://punchng.com/gunmen-kill-one-abduct-20-travellers-in-nasarawa/,Secondary,1,2026-01-25 11:22:30,2026-01-25 11:22:30,\N
306,2021-01-07,1,1,5,30,608,Benin,0,0,1,0,0,1,0,0,\N,0,0,\N,No,0,0,1,21,22,Roberskill police man,armed clash,\N,Eye Witness,1,https://www.premiumtimesng.com/news/headlines/435441-armed-robbers-kill-nigerian-policeman-in-gun-duel.html,\N,\N,Sources: Premium Times | Other: https://nigerianewsabroad.com/armed-robbers-kill-nigerian-policeman-in-gun-duel/,Secondary,1,2026-01-25 11:22:30,2026-01-25 11:22:30,\N
307,2021-01-08,2,1,3,15,262,Katarma,0,0,4,0,0,\N,0,0,\N,0,0,3,No,0,0,2,4,22,Bandits Kill 4 Niger Vigilantes,armed clash,\N,"Confirmed by Samuel Aruwan , Commissioner, Ministry of Internal Security and Home Affairs, Kaduna State",1,https://www.thisdaylive.com/index.php/2021/01/08/bandits-kill-four-in-kaduna-community/,\N,\N,Sources: Thisday | Other: https://www.legit.ng/1397165-armed-bandits-kill-villagers-kaduna-community.html,Secondary,1,2026-01-25 11:22:30,2026-01-25 11:22:30,\N
308,2021-01-08,5,1,6,37,754,Tapa,0,0,2,0,0,\N,0,0,\N,0,0,\N,Yes,0,0,11,4,22,Amotekun clash with youths,armed clash,\N,Eye Witness,1,https://www.premiumtimesng.com/news/top-news/435563-two-killed-as-amotekun-operatives-clash-with-youth-in-oyo.html,\N,\N,Sources: Premium Times | Other: https://www.thecable.ng/two-dead-as-amotekun-operatives-clash-with-youths-at-carnival-in-oyo,Secondary,1,2026-01-25 11:22:30,2026-01-25 11:22:30,\N
309,2021-01-09,2,1,3,15,274,Kamaru,0,0,3,0,0,\N,0,0,1,0,0,\N,No,0,0,2,4,22,bandits kill 3,attack,\N,"Confirmed by the The Commissioner for Internal Security and Home Affairs in Kaduna, Samuel Aruwan",1,https://www.channelstv.com/2021/01/09/kaduna-bandits-kill-three-in-kauru-local-government/,\N,\N,Sources: channelstv,Secondary,1,2026-01-25 11:22:30,2026-01-25 11:22:30,\N
310,2021-01-09,5,1,2,9,158,Ilesha-Baruba,0,0,5,0,0,\N,0,0,\N,0,0,\N,No,0,0,21,4,22,Soldiers shoot 5 bus drivers,attack,\N,Eye Witness,1,http://saharareporters.com/2021/01/09/five-feared-killed-soldiers-bus-drivers-clash-over-n100,\N,\N,Sources: Saharareporters | Other: https://www.latestnigeriannews.com/p/119240/soldiers-bus-drivers-clash-in-kwara-over-n100-five-feared-killed.html,Secondary,1,2026-01-25 11:22:30,2026-01-25 11:22:30,\N
311,2021-01-12,2,1,3,17,330,Gari Inu,0,0,5,0,0,\N,0,0,\N,0,0,\N,No,0,0,21,2,22,Soldiers kill 5 bandits,armed clash,\N,"Confirmed by  the  acting Director Defence, Media Operations Brig-Gen. Bernard Onyeuko",1,https://www.vanguardngr.com/2021/01/troops-neutralized-10-bandits-loses-one-soldier-in-fierce-battle-in-katsina/,\N,\N,Sources: Vanguard | Other: https://guardian.ng/news/military-kills-10-bandits-loses-soldier-in-katsina-this-year/,Secondary,1,2026-01-25 11:22:30,2026-01-25 11:22:30,\N
312,2021-01-12,2,1,3,17,340,Maigora,0,0,5,0,0,1,0,0,\N,0,0,\N,No,0,0,21,2,22,"Soldiers kill 5 bandits, loose 1 officer",attack,\N,"Confirmed by  the  acting Director Defence, Media Operations Brig-Gen. Bernard Onyeuko",1,https://www.vanguardngr.com/2021/01/troops-neutralized-10-bandits-loses-one-soldier-in-fierce-battle-in-katsina/,\N,\N,Sources: Vanguard | Other: https://guardian.ng/news/military-kills-10-bandits-loses-soldier-in-katsina-this-year/,Secondary,1,2026-01-25 11:22:30,2026-01-25 11:22:30,\N
313,2021-01-13,2,1,3,15,264,Garu,0,0,2,0,0,\N,0,0,\N,0,0,\N,No,0,0,2,4,22,Bandits kill 2,attack,\N,Confirmed by  Internal Security and Home Affairs Commissioner Samuel Aruwan,1,https://www.vanguardngr.com/2021/01/bandits-invade-kaduna-village-kill-2-locals/,\N,\N,Sources: Vanguard | Other: https://newswebexpress.wordpress.com/2021/01/13/%E2%80%8Bbandits-invade-kaduna-village-kill-2-locals/,Secondary,1,2026-01-25 11:22:30,2026-01-25 11:22:30,\N
314,2021-01-13,6,1,6,36,802,Boole,0,0,1,0,0,\N,0,0,\N,0,0,\N,No,0,0,8,23,22,Herdsmen kill farmer,attack,\N,Eye Witness,1,http://saharareporters.com/2021/01/13/suspected-fulani-herdsmen-kill-farmer-osun,\N,\N,Sources: Saharareporters | Other: https://www.vanguardngr.com/2021/01/tension-as-herdsmen-kill-farmer-in-osun/,Secondary,1,2026-01-25 11:22:30,2026-01-25 11:22:30,\N
315,2021-01-14,2,1,3,20,415,Kaduari,0,0,\N,0,0,\N,0,0,\N,0,0,7,No,0,0,2,4,22,Bandits kidnap Apc chairman children,attack,\N,Eye Witness,1,http://saharareporters.com/2021/01/14/bandits-kidnap-zamfara-apc-chairmans-seven-children-demand-n50m,\N,\N,Sources: Saharareporters | Other: https://punchng.com/bandits-demand-n50m-for-seven-zamfara-apc-chairmans-abducted-children/,Secondary,1,2026-01-25 11:22:30,2026-01-25 11:22:30,\N
316,2021-01-14,2,1,3,15,261,Mando,0,0,\N,0,0,\N,0,0,\N,0,0,18,No,0,0,2,4,22,Bandits kidnap 18,attack,\N,Eye Witness,1,https://www.thisdaylive.com/index.php/2021/01/14/bandits-abduct-18-in-kaduna-community/,\N,\N,Sources: Thisday | Other: http://saharareporters.com/2021/01/16/bandits-abduct-18-police-officers-kaduna,Secondary,1,2026-01-25 11:22:30,2026-01-25 11:22:30,\N
317,2021-01-14,12,1,1,6,111,Garin Gada,0,0,2,0,0,\N,0,0,\N,0,0,\N,No,0,0,3,4,22,Terrorists kill 2,attack,\N,Eye Witness,1,https://dailypost.ng/2021/01/14/boko-haram-terrorists-kill-2-in-yobe/,\N,\N,Sources: Daily post,Secondary,1,2026-01-25 11:22:30,2026-01-25 11:22:30,\N
318,2021-01-16,2,1,2,7,125,Mbalagh,0,0,1,0,0,\N,0,0,1,0,0,\N,No,0,0,2,4,22,"Bandits kill 1, injure 1",attack,\N,"Confirmed by the Special Adviser to the Governor on Security, retired Col. Paul Hemba",1,https://guardian.ng/news/bandits-kill-livestock-guard-shoot-nscdc-officer-in-benue/,\N,\N,Sources: The Guardian | Other: https://thenationonlineng.net/bandits-kill-livestock-guard-shoot-nscdc-officer-in-benue/,Secondary,1,2026-01-25 11:22:30,2026-01-25 11:22:30,\N
319,2021-01-16,7,1,6,37,747,Oke Itunu,0,0,2,0,0,\N,0,0,\N,0,0,\N,No,0,0,26,4,22,Hoodlums kill 2 in Oyo state community,attack,\N,"Confirmed by Police Public Relations Officer, Olugbenga Fadeyi",1,http://saharareporters.com/2021/01/16/two-die-farmers-herdsmen-clash-oyo-community,\N,\N,Sources: Saharareporters | Other: https://flipboard.com/topic/ibadan/two-die-as-farmers-herdsmen-clash-in-oyo-community-sahara-reporters/f-bf94483bf9%2Fsaharareporters.com,Secondary,1,2026-01-25 11:22:30,2026-01-25 11:22:30,\N
320,2021-01-16,6,1,6,37,747,Igangan,0,0,2,0,0,\N,0,0,\N,0,0,\N,No,0,0,8,23,22,Herdsmen kill 2 farmers in Oyo state community,attack,\N,"Confirmed by Police Public Relations Officer, Olugbenga Fadeyi",1,http://saharareporters.com/2021/01/16/two-die-farmers-herdsmen-clash-oyo-community,\N,\N,Sources: Saharareporters | Other: https://flipboard.com/topic/ibadan/two-die-as-farmers-herdsmen-clash-in-oyo-community-sahara-reporters/f-bf94483bf9%2Fsaharareporters.com,Secondary,1,2026-01-25 11:22:30,2026-01-25 11:22:30,\N
321,2021-01-17,2,1,2,11,207,Madagwa,0,0,\N,0,0,\N,0,0,\N,0,0,7,No,0,0,2,4,22,Bandits kidnap 5 in Niger community,attack,\N,Eye Witness,1,https://www.vanguardngr.com/2021/01/17-persons-kidnapped-in-niger/,\N,\N,Sources: Vanguard,Secondary,1,2026-01-25 11:22:30,2026-01-25 11:22:30,\N
322,2021-01-17,2,1,2,11,207,Wongo and Marenje,0,0,\N,0,0,\N,0,0,\N,0,0,5,No,0,0,2,4,22,Bandits kidnap 5 in Niger communities,attack,\N,Eye Witness,1,https://www.vanguardngr.com/2021/01/17-persons-kidnapped-in-niger/,\N,\N,Sources: Vanguard,Secondary,1,2026-01-25 11:22:30,2026-01-25 11:22:30,\N
323,2021-01-18,2,1,3,20,414,Janbako,0,0,8,0,0,\N,0,0,\N,0,0,\N,No,0,0,2,4,22,Bandits kill 8,attack,\N,"Confirmed by  the Police Public Relations Officer, SP Mohammed Shehu",1,https://punchng.com/eight-killed-as-bandits-attack-zamfara-community/,\N,\N,Sources: Punch | Other: https://www.channelstv.com/2021/01/18/eight-killed-as-gunmen-attack-zamfara-community/,Secondary,1,2026-01-25 11:22:30,2026-01-25 11:22:30,\N
324,2021-01-22,2,1,1,3,48,Abbagajiri and Dasula,0,0,5,0,0,\N,0,0,\N,0,0,\N,No,0,0,21,2,22,Security force kill 5 bandits,armed clash,\N,"Confirmed by  the  acting Director Defence, Media Operations Brig-Gen. Bernard Onyeuko",1,http://saharareporters.com/2021/01/22/troops-killed-five-boko-haram-terrorists-borno-%E2%80%93-defence-headquarters,\N,\N,Sources: Saharareporters,Secondary,1,2026-01-25 11:22:30,2026-01-25 11:22:30,\N
325,2021-01-22,2,1,1,3,62,Maiduguri,0,0,\N,0,0,1,0,0,\N,0,0,\N,No,0,0,2,21,22,Bandits kill police office,attack,\N,Eye Witness,1,https://thecable.ng/policeman-killed-as-troops-repel-boko-haram-attack-in-borno,\N,\N,Sources: cable,Secondary,1,2026-01-25 11:22:30,2026-01-25 11:22:30,\N
326,2021-01-23,2,1,3,17,333,Raddah,0,0,\N,0,0,\N,0,0,1,0,0,1,No,0,0,2,4,22,Bandits abduct 1 and injure 1,attack,\N,"Confirmed by the Katsina Police Command, SP Gambo Isah",1,https://punchng.com/two-abducted-in-katsina-delta-as-soldiers-kill-four-kidnappers/,\N,\N,Sources: Punch,Secondary,1,2026-01-25 11:22:30,2026-01-25 11:22:30,\N
327,2021-01-23,9,1,5,29,576,Erho,0,0,\N,0,0,\N,0,0,\N,0,0,1,No,0,0,14,4,22,Kidnappers abduct 1,attack,\N,"Confirmed by  The Police Public Relations Officer in the state, DSP Onome Onovwakpoyeya",1,https://www.thisdaylive.com/index.php/2021/01/23/kidnappers-abduct-delsu-ssanu-chairman/,\N,\N,Sources: Punch,Secondary,1,2026-01-25 11:22:30,2026-01-25 11:22:30,\N
328,2021-01-23,9,1,6,35,711,Owo-Ifon,0,0,4,0,0,\N,0,0,\N,0,0,\N,No,0,0,21,14,22,Soldiers kill 4,armed clash,\N,"Confirmed by  The police spokesperson in the state, Mr Tee-Leo Ikoro",1,https://punchng.com/two-abducted-in-katsina-delta-as-soldiers-kill-four-kidnappers/,\N,\N,Sources: Punch,Secondary,1,2026-01-25 11:22:30,2026-01-25 11:22:30,\N
329,2021-01-24,2,1,3,15,262,Maskoro and Akunakwo,0,0,4,0,0,\N,0,0,\N,0,0,\N,No,0,0,2,4,22,Bandits kill 4 in kaduna state,attack,\N,"Confirmed by the The Commissioner for Internal Security and Home Affairs in Kaduna, Samuel Aruwan",1,https://guardian.ng/news/armed-bandits-kill-six-in-kaduna/,\N,\N,Sources: The Guardian,Secondary,1,2026-01-25 11:22:30,2026-01-25 11:22:30,\N
330,2021-01-24,2,1,3,15,263,Hayin Inji and Kidandan,0,0,2,0,0,\N,0,0,9,0,0,\N,No,0,0,2,4,22,Bandits kill 2 in Kaduna state,attack,\N,"Confirmed by the The Commissioner for Internal Security and Home Affairs in Kaduna, Samuel Aruwan",1,https://guardian.ng/news/armed-bandits-kill-six-in-kaduna/,\N,\N,Sources: The Guardian | Other: https://www.ripplesnigeria.com/bandits-kill-six-persons-in-fresh-kaduna-attacks/,Secondary,1,2026-01-25 11:22:30,2026-01-25 11:22:30,\N
331,2021-01-24,7,1,4,23,469,Effin,0,0,5,0,0,\N,0,0,\N,0,0,\N,No,0,0,27,27,22,NURTW members clash,armed clash,\N,"Confirmed by  The Commissioner for Internal Security and Conflict Resolution in the state, Mr. Stanley Okoro Emegha",1,https://thenationonlineng.net/seven-killed-many-injured-as-nurtw-leadership-crisis-turns-bloody/,\N,\N,Sources: The Nation | Other: https://www.36ng.ng/2021/01/24/seven-killed-many-injured-as-nurtw-leadership-crisis-turns-bloody/,Secondary,1,2026-01-25 11:22:30,2026-01-25 11:22:30,\N
332,2021-01-27,12,1,1,6,102,Chindila,0,0,5,0,0,\N,0,0,\N,0,0,\N,No,0,0,21,3,22,Security force kill 5 boko haram,armed clash,\N,"Confirmed by  the  acting Director Defence, Media Operations Brig-Gen. Bernard Onyeuko",1,https://www.thecable.ng/troops-kill-eight-boko-haram-insurgents-destroy-hideouts-in-yobe-borno,\N,\N,Sources: cable | Other: https://www.latestnigeriannews.com/p/180531/troops-kill-eight-boko-haram-insurgents-destroy-hideouts-in-yobe-borno.html,Secondary,1,2026-01-25 11:22:30,2026-01-25 11:22:30,\N
333,2021-01-27,12,1,1,3,52,Mayankari,0,0,3,0,0,\N,0,0,\N,0,0,\N,No,0,0,21,3,22,Security force kill 3 boko haram,armed clash,\N,"Confirmed by  the  acting Director Defence, Media Operations Brig-Gen. Bernard Onyeuko",1,https://www.thecable.ng/troops-kill-eight-boko-haram-insurgents-destroy-hideouts-in-yobe-borno,\N,\N,Sources: cable | Other: https://www.latestnigeriannews.com/p/180531/troops-kill-eight-boko-haram-insurgents-destroy-hideouts-in-yobe-borno.html,Secondary,1,2026-01-25 11:22:30,2026-01-25 11:22:30,\N
334,2021-01-28,2,1,3,20,419,Magarya,0,0,2,0,0,\N,0,0,\N,0,0,\N,No,0,0,2,4,22,Bandits kill two police officers,attack,\N,Eye Witness,1,http://saharareporters.com/2021/01/28/bandits-attack-zamfara-speakers-town-kill-two,\N,\N,Sources: Saharareporters | Other: https://newsasap.ng/bandits-attack-zamfara-speakers-town-kill-two/,Secondary,1,2026-01-25 11:22:30,2026-01-25 11:22:30,\N
335,2021-01-28,2,1,2,11,207,Bassa,0,0,\N,0,0,\N,0,0,\N,0,0,\N,No,0,0,2,4,22,"Bandits attack shiroro, no record of killing, kidnaps or injury",attack,\N,Eye Witness,1,https://www.vanguardngr.com/2021/01/bandits-attack-two-niger-lgas-kill-one/,\N,\N,Sources: Vanguard,Secondary,1,2026-01-25 11:22:30,2026-01-25 11:22:30,\N
336,2021-01-28,2,1,2,11,197,Avu,0,0,1,0,0,\N,0,0,\N,0,0,6,No,0,0,2,4,22,"Bandits kill 1, abduct 6",attack,\N,Eye Witness,1,https://www.vanguardngr.com/2021/01/bandits-attack-two-niger-lgas-kill-one/,\N,\N,Sources: Vanguard,Secondary,1,2026-01-25 11:22:30,2026-01-25 11:22:30,\N
337,2021-01-29,1,1,3,19,403,Sokoto,0,0,1,0,0,\N,0,0,\N,0,0,\N,No,0,0,4,1,22,Lawmaker kill armed robber,armed clash,\N,"Confirmed by the , the police spokesperson in Sokoto, Muhammad Sadiq",1,https://www.premiumtimesng.com/news/more-news/439484-nigerian-lawmaker-kills-suspected-armed-robber.html,\N,\N,Sources: Premium Times | Other: http://saharareporters.com/2021/01/30/house-representatives-member-salame-kills-suspected-armed-robber,Secondary,1,2026-01-25 11:22:30,2026-01-25 11:22:30,\N
338,2021-01-29,2,1,3,15,262,Kujuma,0,0,\N,0,0,\N,0,0,\N,0,0,\N,No,0,0,2,11,22,Bandits attack community in Kaduna State,armed clash,\N,"Confirmed by the The Commissioner for Internal Security and Home Affairs in Kaduna, Samuel Aruwan",1,https://www.pulse.ng/news/local/bandits-kill-4-in-kaduna-communities/lzyp3ks,\N,\N,Sources: Pulse ng,Secondary,1,2026-01-25 11:22:30,2026-01-25 11:22:30,\N
339,2021-01-29,2,1,3,15,272,Janwuriya,0,0,2,0,0,\N,0,0,\N,0,0,\N,No,0,0,2,4,22,Bandits kill 2 in Kaduna State community,attack,\N,"Confirmed by the The Commissioner for Internal Security and Home Affairs in Kaduna, Samuel Aruwan",1,https://www.pulse.ng/news/local/bandits-kill-4-in-kaduna-communities/lzyp3ks,\N,\N,Sources: Pulse ng,Secondary,1,2026-01-25 11:22:30,2026-01-25 11:22:30,\N
340,2021-01-29,2,1,3,15,272,Maraban Kajuru,0,0,1,0,0,\N,0,0,\N,0,0,\N,No,0,0,2,4,22,Bandits kill 2 in Kaduna State community,attack,\N,"Confirmed by the The Commissioner for Internal Security and Home Affairs in Kaduna, Samuel Aruwan",1,https://www.pulse.ng/news/local/bandits-kill-4-in-kaduna-communities/lzyp3ks,\N,\N,Sources: Pulse ng,Secondary,1,2026-01-25 11:22:30,2026-01-25 11:22:30,\N
341,2021-01-29,2,1,3,15,264,Nasarawa Kalgo,0,0,1,0,0,\N,0,0,\N,0,0,\N,No,0,0,2,4,22,Bandits kill 2 in Kaduna State community,attack,\N,"Confirmed by the The Commissioner for Internal Security and Home Affairs in Kaduna, Samuel Aruwan",1,https://www.pulse.ng/news/local/bandits-kill-4-in-kaduna-communities/lzyp3ks,\N,\N,Sources: Pulse ng,Secondary,1,2026-01-25 11:22:30,2026-01-25 11:22:30,\N
342,2021-01-30,2,1,3,17,340,Unguwar Dan Kaya,0,0,5,0,0,\N,0,0,\N,0,0,\N,No,0,0,2,4,22,Bandits kill 5 in attack on Katsina community,attack,\N,Eye Witness,1,https://guardian.ng/news/katsina-bandits-take-over-communities-kill-seven/,\N,\N,Sources: The Guardian,Secondary,1,2026-01-25 11:22:30,2026-01-25 11:22:30,\N
343,2021-01-30,2,1,3,17,340,Matseri,0,0,2,0,0,\N,0,0,\N,0,0,\N,No,0,0,2,4,22,Bandits kill 2 in attack on Katsina community,attack,\N,Eye Witness,1,https://guardian.ng/news/katsina-bandits-take-over-communities-kill-seven/,\N,\N,Sources: The Guardian,Secondary,1,2026-01-25 11:22:30,2026-01-25 11:22:30,\N
344,2021-01-30,2,1,3,17,340,Unguwar Hayaki,0,0,\N,0,0,\N,0,0,\N,0,0,\N,No,0,0,2,4,22,Bandits attack Katsina community,attack,\N,Eye Witness,1,https://guardian.ng/news/katsina-bandits-take-over-communities-kill-seven/,\N,\N,Sources: The Guardian | Other: https://www.pressreader.com/nigeria/the-guardian-nigeria/20210130/281500753925621,Secondary,1,2026-01-25 11:22:30,2026-01-25 11:22:30,\N
345,2021-01-30,2,1,3,15,263,Na’Ikko,0,0,12,0,0,\N,0,0,\N,0,0,\N,No,0,0,2,4,22,Bandits Kill 12 in Kaduna Communities,attack,\N,Confirmed by  Internal Security and Home Affairs Commissioner Samuel Aruwan,1,https://guardian.ng/news/kaduna-bandits-kill-12-burn-houses-in-fulani-settlement/,\N,\N,Sources: The Guardian | Other: https://www.vanguardngr.com/2021/01/bandits-kill-12-locals-burn-houses-in-kaduna-fulani-community/,Secondary,1,2026-01-25 11:22:30,2026-01-25 11:22:30,\N
346,2021-02-01,12,1,1,3,61,Chabal,0,0,2,0,0,\N,0,0,\N,0,0,2,No,0,0,3,21,22,Boko haram kill two police officers,armed clash,\N,Eye Witness,1,https://www.thisdaylive.com/index.php/2021/02/01/boko-haram-kills-two-policemen-abducts-two-others-in-borno/,\N,\N,Sources: Thisday | Other: https://allafrica.com/stories/202102010204.html,Secondary,1,2026-01-25 11:22:30,2026-01-25 11:22:30,\N
347,2021-02-02,2,1,3,15,263,Doka,0,0,\N,0,0,\N,0,0,\N,0,0,\N,No,0,0,2,4,22,Bandits attack Kaduna State community,attack,\N,"Confirmed by  Samuel Aruwan, Commissioner, Ministry of Internal Security and Home Affairs",1,https://guardian.ng/news/bandits-kill-two-kidnap-others-in-kaduna/,\N,\N,Sources: The Guardian,Secondary,1,2026-01-25 11:22:30,2026-01-25 11:22:30,\N
348,2021-02-02,2,1,3,15,263,Angwan Dan Yaya,0,0,1,0,0,\N,0,0,\N,0,0,\N,No,0,0,2,4,22,Bandits kill 1 in Kaduna State community,attack,\N,"Confirmed by  Samuel Aruwan, Commissioner, Ministry of Internal Security and Home Affairs",1,https://guardian.ng/news/bandits-kill-two-kidnap-others-in-kaduna/,\N,\N,Sources: The Guardian,Secondary,1,2026-01-25 11:22:30,2026-01-25 11:22:30,\N
349,2021-02-02,2,1,2,11,207,"Kurebe, Sabon-Gida, Sarari And Rafin Kanya",0,0,21,0,0,\N,0,0,\N,0,0,\N,No,0,0,2,4,22,Bandits kill 21,attack,\N,Confirmed by the Secretary to the State Government Alhaji Ahmed Ibrahim Matane,1,https://www.thisdaylive.com/index.php/2021/02/02/just-in-bandits-kill-21-in-niger-abduct-40/,\N,\N,Sources: Thisday | Other: https://thenationonlineng.net/insecurity-bandits-kill-21-abduct-40-in-niger-communities/,Secondary,1,2026-01-25 11:22:30,2026-01-25 11:22:30,\N
350,2021-02-02,2,1,3,15,261,Randagi,0,0,1,0,0,\N,0,0,\N,0,0,\N,No,0,0,2,4,22,Bandits kill 1 in Kaduna state community,attack,\N,"Confirmed by Samuel Aruwan , Commissioner, Ministry of Internal Security and Home Affairs, Kaduna State",1,https://guardian.ng/news/bandits-kill-3-in-kaduna-state/,\N,\N,Sources: The Guardian,Secondary,1,2026-01-25 11:22:30,2026-01-25 11:22:30,\N
351,2021-02-02,2,1,3,15,277,Mariri,0,0,2,0,0,\N,0,0,\N,0,0,\N,No,0,0,2,4,22,Bandits kill 2 in Kaduna state community,attack,\N,"Confirmed by Samuel Aruwan , Commissioner, Ministry of Internal Security and Home Affairs, Kaduna State",1,https://guardian.ng/news/bandits-kill-3-in-kaduna-state/,\N,\N,Sources: The Guardian,Secondary,1,2026-01-25 11:22:30,2026-01-25 11:22:30,\N
352,2021-02-03,2,1,3,17,775,Unguwar-Bera And Tashar-Mangoro,0,0,3,0,0,\N,0,0,\N,0,0,\N,No,0,0,21,2,22,Police kill 3 bandits,armed clash,\N,"Confirmed by the Commissioner of Police, Mr Sanusi Buba",1,https://www.vanguardngr.com/2021/02/police-kill-3-suspected-bandits-recover-2-rifles-in-katsina/,\N,\N,Sources: Vanguard,Secondary,1,2026-01-25 11:22:30,2026-01-25 11:22:30,\N
353,2021-02-04,6,1,5,30,609,Ugo,0,0,3,0,0,\N,0,0,\N,0,0,\N,No,0,0,8,23,22,Herdsmen kill 3,attack,\N,Eye Witness,1,https://tribuneonlineng.com/herdsmen-kill-three-farmers-in-edo-set-farmlands-worth-n600m-ablaze/,\N,\N,Sources: Nigerian Tribune | Other: https://www.latestnigeriannews.com/p/205973/tragedy-as-herdsmen-kill-three-farmers-in-edo-set-farmlands-worth-n600m-ablaze.html,Secondary,1,2026-01-25 11:22:30,2026-01-25 11:22:30,\N
354,2021-02-04,6,1,6,35,698,Iju,0,0,1,0,0,\N,0,0,\N,0,0,1,No,0,0,8,23,22,Herdsmen kill farmer,attack,\N,"Confirmed by a youth leader in the town, Ogundeji Ayode",1,https://www.vanguardngr.com/2021/02/herdsmen-invade-ondo-community-kill-opc-member-abduct-farmer/,\N,\N,Sources: Vanguard,Secondary,1,2026-01-25 11:22:30,2026-01-25 11:22:30,\N
355,2021-02-05,2,1,3,15,264,Gidan Maikudi,0,0,2,0,0,\N,0,0,\N,0,0,\N,No,0,0,2,4,22,Bandits kill 2,armed clash,\N,Confirmed by  Internal Security and Home Affairs Commissioner Samuel Aruwan,1,https://guardian.ng/news/bandits-kill-two-in-kaduna-as-natives-repel-invasion/,\N,\N,Sources: The Guardian,Secondary,1,2026-01-25 11:22:30,2026-01-25 11:22:30,\N
356,2021-02-05,2,1,3,15,261,Ungwan Dangedda,0,0,6,0,0,\N,0,0,6,0,0,\N,No,0,0,2,4,22,"Bandits kill 6, Injure 6",attack,\N,"Confirmed by  Samuel Aruwan, Commissioner, Ministry of Internal Security and Home Affairs",1,https://www.thecable.ng/six-killed-as-bandits-open-fire-on-commuters-in-kaduna,\N,\N,Sources: Cable,Secondary,1,2026-01-25 11:22:30,2026-01-25 11:22:30,\N
357,2021-02-05,8,1,4,22,448,Azia,0,0,3,0,0,\N,0,0,\N,0,0,\N,No,0,0,7,4,22,Assailants kill 3,attack,\N,"confirmed by the The police spokesperson in the state, Haruna Mohammed",1,https://www.premiumtimesng.com/regional/ssouth-east/440835-couple-daughter-killed-in-anambra-church.html,\N,\N,Sources: Premium Times,Secondary,1,2026-01-25 11:22:30,2026-01-25 11:22:30,\N
358,2021-02-07,2,1,3,15,261,Kutemeshi,0,0,14,0,0,\N,0,0,\N,0,0,\N,No,0,0,2,4,22,Bandits kill 14 in Birnin Gwari Kaduna,attack,\N,"Confirmed by  Samuel Aruwan, Commissioner, Ministry of Internal Security and Home Affairs",1,https://guardian.ng/news/bandits-kill-19-in-2-kaduna-lgas/,\N,\N,Sources: The Guardian | Other: https://www.tvcnews.tv/bandits-kill-19-in-attacks-on-2-kaduna-local-government-areas/,Secondary,1,2026-01-25 11:22:30,2026-01-25 11:22:30,\N
359,2021-02-07,2,1,3,15,272,Kujeni,0,0,5,0,0,\N,0,0,\N,0,0,\N,No,0,0,2,4,22,Bandits kill 5 in Kajuru,attack,\N,"Confirmed by  Samuel Aruwan, Commissioner, Ministry of Internal Security and Home Affairs",1,https://guardian.ng/news/bandits-kill-19-in-2-kaduna-lgas/,\N,\N,Sources: The Guardian | Other: https://www.tvcnews.tv/bandits-kill-19-in-attacks-on-2-kaduna-local-government-areas/,Secondary,1,2026-01-25 11:22:30,2026-01-25 11:22:30,\N
360,2021-02-07,5,1,1,1,20,Jimeta,0,0,1,0,0,\N,0,0,\N,0,0,\N,No,0,0,18,1,22,Mob kill 1 robber,attack,\N,"Confirmed by the  Police Public Relation Officer in the state, DSP, Sulaiman Nguroj",1,https://guardian.ng/news/mobs-lynch-suspected-robber-in-yola/,\N,\N,Sources: The Guardian | Other: https://www.vanguardngr.com/2021/02/mobs-set-ablaze-suspected-robber-in-yola/,Secondary,1,2026-01-25 11:22:30,2026-01-25 11:22:30,\N
361,2021-02-08,6,1,6,34,686,Oha,0,0,1,0,0,\N,0,0,\N,0,0,\N,No,0,0,8,23,22,Herdmen kill 1 farrmer,attack,\N,"Confirmed by the Ogun State Police Command spokesperson, Abimbola Oyeyemi",1,https://www.premiumtimesng.com/regional/ssouth-west/441323-insecurity-suspected-herdsmen-kill-farmer-in-ogun.html,\N,\N,Sources: Premium Times | Other: https://punchng.com/suspected-herdsmen-kill-farmer-in-ogun-2/,Secondary,1,2026-01-25 11:22:30,2026-01-25 11:22:30,\N
362,2021-02-12,6,1,6,35,711,Ago Sanusi,0,0,2,0,0,\N,0,0,\N,0,0,\N,No,0,0,8,23,11,"Herdsmen kill 2, a farmer and Vigilante",attack,\N,Eye Witness,1,https://www.premiumtimesng.com/news/headlines/442322-just-in-two-killed-as-herders-clash-with-amotekun-in-ondo.html,\N,\N,Sources: Premium Times,Secondary,1,2026-01-25 11:22:30,2026-01-25 11:22:30,\N
363,2021-02-13,5,1,6,37,774,Igbon,0,0,\N,0,0,\N,0,0,1,0,0,\N,No,0,0,21,11,22,Police shoot amotekun personnel,attack,\N,Eye Witness,1,https://punchng.com/farm-destruction-dpo-shoots-amotekun-operative-for-arresting-fulani-herdsmen/,\N,\N,Sources: Punch | Other: https://www.google.com/url?rct=j&sa=t&url=http://saharareporters.com/2021/02/12/police-dpo-shoots-amotekun-operative-arresting-fulani-herdsmen-who-destroyed-farm&ct=ga&cd=CAEYAyoTNjgzMzA1NjI4Njg4MjQ2ODY1MDIaNjkwZWNhYWYyMTQyMjFjODpjb206ZW46VVM&usg=AFQjCNEddUjkC12J_fqNp6kfKRXkzCqrtg,Secondary,1,2026-01-25 11:22:30,2026-01-25 11:22:30,\N
364,2021-02-13,12,1,1,3,46,Gur,0,0,4,0,0,\N,0,0,\N,0,0,\N,No,0,0,3,4,22,Boko haram kill 4,attack,\N,Eye Witness,1,https://www.vanguardngr.com/2021/02/boko-haram-kill-four-snatch-vehicles-loot-foodstuff-in-borno/,\N,\N,Sources: Vanguard,Secondary,1,2026-01-25 11:22:30,2026-01-25 11:22:30,\N
365,2021-02-13,12,1,1,3,44,Pulka,0,0,2,0,0,\N,0,0,\N,0,0,\N,No,0,0,21,3,22,Military kills 2 boko haram,armed clash,\N,"Confirmed by Mohammed Yerima, army spokesperson",1,https://www.thecable.ng/troops-kill-two-factional-commanders-of-boko-haram,\N,\N,Sources: cable,Secondary,1,2026-01-25 11:22:30,2026-01-25 11:22:30,\N
366,2021-02-14,2,1,3,15,262,Yakowa,0,0,3,0,0,\N,0,0,\N,0,0,\N,No,0,0,2,4,22,Bandits kill 3 passengers,attack,\N,"Confirmed by the The Commissioner for Internal Security and Home Affairs in Kaduna, Samuel Aruwan",1,https://www.premiumtimesng.com/news/headlines/442725-passengers-air-force-personnel-killed-in-kaduna-bandits-attacks.html,\N,\N,Sources: Premium Times | Other: https://www.latestnigeriannews.com/p/236261/passengers-air-force-personnel-killed-in-kaduna-bandits-attacks.html,Secondary,1,2026-01-25 11:22:30,2026-01-25 11:22:30,\N
367,2021-02-15,6,1,6,35,711,Ijugbere,0,0,3,0,0,\N,0,0,\N,0,0,\N,No,0,0,8,23,22,Herdmens kill 3 farmers,attack,\N,"Confirmed by the Senior Special Assistant to Governor Rotimi Akeredolu on Agriculture and Agric Business, Mr Akin Olotu",1,https://punchng.com/again-suspected-herdsmen-strike-in-ondo-kill-three-farmers/,\N,\N,Sources: Punch | Other: https://www.thisdaylive.com/index.php/2021/02/15/again-suspected-herdsmen-kill-three-farmers-in-ondo/,Secondary,1,2026-01-25 11:22:30,2026-01-25 11:22:30,\N
368,2021-02-15,12,1,1,3,52,Pulka,0,0,2,0,0,\N,0,0,\N,0,0,\N,No,0,0,21,3,22,Military kill 2 Boko Haram commanders,armed clash,\N,"Confirmed by the Director, Army Public Relations, Brig-Gen. Mohammed Yerima",1,https://guardian.ng/news/army-kills-two-boko-haram-commanders-in-borno/,\N,\N,Sources: The Guardian | Other: https://www.premiumtimesng.com/news/top-news/442732-nigerian-soldiers-kill-two-top-boko-haram-commanders-official.html,Secondary,1,2026-01-25 11:22:30,2026-01-25 11:22:30,\N
369,2021-02-16,2,1,2,11,205,Kusherki,0,0,11,0,0,\N,0,0,\N,0,0,\N,No,0,0,2,4,22,Bandits kill  11,attack,\N,"Confirmed by the Chief Press Secretary to Governor Abubakar Sani Bello, Mrs. Mary Noel-Berje",1,https://www.vanguardngr.com/2021/02/bandits-kill-traditional-ruler-ten-others-kidnap-24-in-niger/,\N,\N,Sources: Vanguard | Other: https://www.naijaloaded.com.ng/news/bandits-kill-traditional-ruler-ten-others-kidnap-24-in-niger-state,Secondary,1,2026-01-25 11:22:30,2026-01-25 11:22:30,\N
370,2021-02-16,2,1,2,11,196,Unknown,0,0,\N,0,0,\N,0,0,\N,0,0,18,No,0,0,2,4,22,Bandits abduct 18 on  Kontagora-Tegina-Minna Highway,attack,Kontagora-Tegina-Minna Highway,"Confirmed by the Chief Press Secretary to Governor Abubakar Sani Bello, Mrs. Mary Noel-Berje",1,https://www.vanguardngr.com/2021/02/bandits-kill-traditional-ruler-ten-others-kidnap-24-in-niger/,\N,\N,Sources: Vanguard,Secondary,1,2026-01-25 11:22:30,2026-01-25 11:22:30,\N
371,2021-02-16,8,1,5,29,585,Ugbolu-Illah,0,0,\N,0,0,2,0,0,\N,0,0,\N,No,0,0,7,21,22,Gunmen kill 2 policemen in Delta,attack,\N,"Confirmed by the The state Commissioner of Police, Mr Mohammed Ali",1,https://www.vanguardngr.com/2021/02/gunmen-kill-2-policemen-in-delta/,\N,\N,Sources: Vanguard,Secondary,1,2026-01-25 11:22:30,2026-01-25 11:22:30,\N
372,2021-02-17,2,1,2,11,205,Kagara,0,0,\N,0,0,\N,0,0,\N,0,0,42,No,0,0,7,4,22,Bandits kidnap 42 including students and teachers,armed clash,\N,"Confirmed by the he Niger State Governor, Alhaji Abubakar Sani Bello",1,https://www.vanguardngr.com/2021/02/42-persons-including-27-students-3-staff-kidnapped-at-govt-college-kagara/,\N,\N,Sources: Vanguard | Other: https://guardian.ng/news/gunmen-kidnap-students-teachers-in-niger-state-school/,Secondary,1,2026-01-25 11:22:30,2026-01-25 11:22:30,\N
373,2021-02-17,12,1,1,3,63,Marte,0,0,7,0,0,\N,0,0,\N,0,0,\N,No,0,0,3,4,22,"Boko Haram sacks military base, kills 7",armed clash,\N,Eye Witness,1,https://www.premiumtimesng.com/news/headlines/443377-exclusive-seven-soldiers-killed-as-boko-haram-sacks-military-base-in-borno.html,\N,\N,Sources: Premium Times | Other: https://www.lindaikejisblog.com/2021/2/seven-soldiers-killed-as-boko-haram-sacks-military-base-in-borno.html,Secondary,1,2026-01-25 11:22:30,2026-01-25 11:22:30,\N
374,2021-02-17,2,1,3,15,268,Akwando,0,0,1,0,0,\N,0,0,\N,0,0,\N,No,0,0,2,4,22,Bandits kill 1,attack,\N,"Confirmed by the The Commissioner for Internal Security and Home Affairs in Kaduna, Samuel Aruwan",1,https://guardian.ng/news/bandits-kill-two-explosion-injures-seven-kids-in-kaduna/,\N,\N,Sources: The Guardian,Secondary,1,2026-01-25 11:22:30,2026-01-25 11:22:30,\N
375,2021-02-17,2,1,3,15,264,Unknown,0,0,1,0,0,\N,0,0,1,0,0,\N,No,0,0,2,4,22,"Bandits kill 1, injure another",attack,Sabon Birni-Rikau,"Confirmed by the The Commissioner for Internal Security and Home Affairs in Kaduna, Samuel Aruwan",1,https://guardian.ng/news/bandits-kill-two-explosion-injures-seven-kids-in-kaduna/,\N,\N,Sources: The Guardian,Secondary,1,2026-01-25 11:22:30,2026-01-25 11:22:30,\N
376,2021-02-18,6,1,5,30,610,"Ugboke, Oshodi, Okokodo, Ariyan and Yoruba Camp",0,0,7,0,0,\N,0,0,\N,0,0,\N,No,0,0,8,4,22,Herdsmen kill 7 in Edo,attack,\N,"Confirmed by the The police spokesperson in the state, Chidi Nwabuzor",1,https://www.premiumtimesng.com/news/headlines/443676-suspected-herdsmen-kill-seven-in-edo.html,\N,\N,Sources: Premium Times | Other: https://www.thisdaylive.com/index.php/2021/02/19/suspected-herdsmen-kill-seven-in-edo-communities/,Secondary,1,2026-01-25 11:22:30,2026-01-25 11:22:30,\N
377,2021-02-18,6,1,6,34,803,Igbo-Ori,0,0,1,0,0,\N,0,0,\N,0,0,\N,No,0,0,8,23,22,Herdsmens kill 1,attack,\N,Eye Witness,1,https://guardian.ng/news/suspected-herdsmen-kill-female-farmer-in-ogun/,\N,\N,Sources: The Guardian | Other: https://www.latestnigeriannews.com/p/249274/suspected-herdsmen-kill-female-farmer-in-ogun.html,Secondary,1,2026-01-25 11:22:30,2026-01-25 11:22:30,\N
378,2021-02-19,6,1,6,34,803,Oja-Odan,0,0,3,0,0,\N,0,0,\N,0,0,\N,No,0,0,8,23,22,Herdsmen kill 3 in Ogun community,attack,\N,Eye Witness,1,http://saharareporters.com/2021/02/19/suspected-fulani-herdsmen-kill-five-farmers-four-days-ogun-community,\N,\N,Sources: Saharareporters,Secondary,1,2026-01-25 11:22:30,2026-01-25 11:22:30,\N
379,2021-02-19,6,1,6,34,803,Aiyetoro,0,0,2,0,0,\N,0,0,\N,0,0,\N,No,0,0,8,23,22,Herdsmen kill 2 in Ogun community,attack,\N,Eye Witness,1,http://saharareporters.com/2021/02/19/suspected-fulani-herdsmen-kill-five-farmers-four-days-ogun-community,\N,\N,Sources: Saharareporters,Secondary,1,2026-01-25 11:22:30,2026-01-25 11:22:30,\N
380,2021-02-20,2,1,3,15,272,Ungwan Sha’awa,0,0,1,0,0,\N,0,0,\N,0,0,\N,No,0,0,2,4,22,Bandits kill 1 in Kaduna State community,attack,\N,Confirmed by Internal Security and Home Affairs Commissioner Samuel Aruwan,1,https://www.thisdaylive.com/index.php/2021/02/20/bandits-kill-three-in-kaduna-communities/,\N,\N,Sources: Thisday,Secondary,1,2026-01-25 11:22:30,2026-01-25 11:22:30,\N
381,2021-02-20,2,1,3,15,272,Ungwan Gamu,0,0,1,0,0,\N,0,0,\N,0,0,\N,No,0,0,2,4,22,Bandits kill 1 in Kaduna State community,attack,\N,Confirmed by Internal Security and Home Affairs Commissioner Samuel Aruwan,1,https://www.thisdaylive.com/index.php/2021/02/20/bandits-kill-three-in-kaduna-communities/,\N,\N,Sources: Thisday,Secondary,1,2026-01-25 11:22:30,2026-01-25 11:22:30,\N
382,2021-02-20,2,1,3,15,272,Ungwan Galadimma,0,0,1,0,0,\N,0,0,\N,0,0,\N,No,0,0,2,4,22,Bandits kill 1 in Kaduna State community,attack,\N,Confirmed by Internal Security and Home Affairs Commissioner Samuel Aruwan,1,https://www.thisdaylive.com/index.php/2021/02/20/bandits-kill-three-in-kaduna-communities/,\N,\N,Sources: Thisday | Other: https://www.pulse.ng/news/local/bandits-kill-3-abduct-many-in-attacks-on-kaduna-communities/td6kcfc,Secondary,1,2026-01-25 11:22:30,2026-01-25 11:22:30,\N
383,2021-02-22,3,1,4,23,469,Effium,0,0,25,0,0,\N,0,0,\N,0,0,\N,No,0,0,5,5,22,Communal clash claims 25 lives,armed clash,\N,"Confrimed by the Ebony State Governor, Dave Umahi",1,https://www.thisdaylive.com/index.php/2021/02/23/25-die-in-ebonyi-communal-clash-says-umahi/,\N,\N,Sources: Thisday | Other: https://thenationonlineng.net/25-die-in-ebonyi-communal-clash-umahi/,Secondary,1,2026-01-25 11:22:30,2026-01-25 11:22:30,\N
384,2021-02-22,9,1,5,31,619,Ikuru,0,0,\N,0,0,\N,0,0,\N,0,0,2,No,0,0,14,4,22,2  kidnapped,attack,\N,"Confirmed by the the State Police Public Relations Officer, Nnamdi Omoni",1,https://guardian.ng/news/gunmen-kidnap-monarch-uniport-lecturer-in-rivers/,\N,\N,Sources: The Guardian,Secondary,1,2026-01-25 11:22:30,2026-01-25 11:22:30,\N
385,2021-02-22,2,1,3,15,264,Kikwari,0,0,2,0,0,\N,0,0,\N,0,0,\N,No,0,0,2,4,22,Bandits kill 2,attack,\N,"Confirmed by the The Commissioner for Internal Security and Home Affairs in Kaduna, Samuel Aruwan",1,https://thenationonlineng.net/bandits-kill-two-burn-churches-houses-in-kaduna/,\N,\N,Sources: The Nation,Secondary,1,2026-01-25 11:22:30,2026-01-25 11:22:30,\N
386,2021-02-23,8,1,4,21,420,Aba,0,0,2,0,0,2,0,0,\N,0,0,\N,No,0,0,7,21,22,Bandits kill 2 police officers and two bandits killed by officers,attack,\N,"Confirmed by the commissioner of Information in Abia State, John Okiyi Kalu",1,https://www.premiumtimesng.com/regional/ssouth-east/444816-again-gunmen-attack-police-station-in-abia-kill-two-officers.html,\N,\N,Sources: Premium Times,Secondary,1,2026-01-25 11:22:30,2026-01-25 11:22:30,\N
387,2021-02-23,2,1,3,17,358,"Mai Bakko, Kawarawa, And Unguwar Bako",0,0,3,0,0,\N,0,0,\N,0,0,9,No,0,0,2,4,22,"Bandits kill 3 , kidnap 9",attack,\N,Eye Witness,1,https://www.vanguardngr.com/2021/02/gunmen-kill-3-in-katsina-kidnap-9-women-girls/,\N,\N,Sources: Vanguard | Other: https://www.newtelegraphng.com/gunmen-kill-3-in-katsina-kidnap-9-women-girls/,Secondary,1,2026-01-25 11:22:30,2026-01-25 11:22:30,\N
388,2021-02-24,8,1,4,22,437,Nkpologwu,0,0,\N,0,0,4,0,0,\N,0,0,\N,No,0,0,7,21,22,Bandits kill 4 police officers,attack,\N,Confirmed by the Anambra State police spokesman Mohammed Haruna,1,https://www.vanguardngr.com/2021/02/breaking-four-police-officers-gunned-down-in-anambra/,\N,\N,Sources: Vanguard,Secondary,1,2026-01-25 11:22:30,2026-01-25 11:22:30,\N
389,2021-02-25,2,1,3,15,264,Anaba,0,0,7,0,0,\N,0,0,\N,0,0,\N,No,0,0,2,21,22,Bandits kill 7,attack,\N,Confirmed by  Internal Security and Home Affairs Commissioner Samuel Aruwan,1,https://www.vanguardngr.com/2021/02/bandits-kill-18-villagers-in-kaduna/,\N,\N,Sources: Vanguard | Other: https://leadership.ng/bandits-kill-18-in-kaduna-villages/,Secondary,1,2026-01-25 11:22:30,2026-01-25 11:22:30,\N
390,2021-02-25,2,1,3,15,262,Barinje,0,0,8,0,0,\N,0,0,\N,0,0,\N,No,0,0,2,4,22,Bandits kill 8,attack,\N,"Confirmed by the The Commissioner for Internal Security and Home Affairs in Kaduna, Samuel Aruwan",1,https://www.vanguardngr.com/2021/02/bandits-kill-18-villagers-in-kaduna/,\N,\N,Sources: Vanguard | Other: https://leadership.ng/bandits-kill-18-in-kaduna-villages/,Secondary,1,2026-01-25 11:22:30,2026-01-25 11:22:30,\N
391,2021-02-26,2,1,3,20,804,Jangebe,0,0,\N,0,0,\N,0,0,\N,0,0,317,No,0,0,2,4,22,Bandits kidnap 317 girls,attack,\N,"Confrimed by Zamfara police spokesman Mohammad Shehu,",1,https://www.premiumtimesng.com/news/headlines/445446-317-schoolgirls-abducted-in-jangebe-attack-official.html,\N,\N,Sources: Premium Times,Secondary,1,2026-01-25 11:22:30,2026-01-25 11:22:30,\N
392,2021-02-28,8,1,5,28,793,Calabar,0,0,4,0,0,\N,0,0,\N,0,0,\N,No,0,0,7,11,22,Bandits Kill 4 Niger Vigilantes,attack,\N,"Confirmed by the police spokesperson in the state, Irene Ugbo",1,https://www.premiumtimesng.com/news/headlines/445845-four-police-officers-killed-in-calabar-official.html,\N,\N,Sources: Premium Times | Other: https://www.vanguardngr.com/2021/02/police-confirm-killing-of-4-officers-in-calabar/,Secondary,1,2026-01-25 11:22:30,2026-01-25 11:22:30,\N
393,2021-02-28,2,1,3,17,359,Rumka,0,0,1,0,0,\N,0,0,\N,0,0,2,No,0,0,2,4,22,Bandits kill 1 and Kidnap 8,attack,\N,"Confirmed by  The police spokesperson, Gambo Isah",1,https://www.premiumtimesng.com/news/headlines/433641-gunmen-attack-katsina-community-kill-lawmakers-uncle-kidnap-newlyweds.html,\N,\N,Sources: Premium Times,Secondary,1,2026-01-25 11:22:30,2026-01-25 11:22:30,\N
394,2021-03-01,2,1,3,15,264,Kajinjiri,0,0,2,0,0,\N,0,0,1,0,0,\N,No,0,0,2,4,22,Bandits kill 2,attack,\N,"Confirmed by the The Commissioner for Internal Security and Home Affairs in Kaduna, Samuel Aruwan",1,https://guardian.ng/news/bandits-kill-7-persons-in-kaduna/,\N,\N,Sources: The Guardian,Secondary,1,2026-01-25 11:22:30,2026-01-25 11:22:30,\N
395,2021-03-01,2,1,3,19,390,Amarawa,0,0,12,0,0,\N,0,0,\N,0,0,1,No,0,0,2,4,22,Bandits kill 12 and kidnap 1,attack,\N,"Confirmed by the Spokesman of the sokoto state command, Sanusi Abubakar",1,https://www.channelstv.com/2021/03/01/bandits-kill-12-people-in-sokoto/,\N,\N,Sources: channelstv,Secondary,1,2026-01-25 11:22:30,2026-01-25 11:22:30,\N
396,2021-03-01,2,1,3,15,264,Rago,0,0,2,0,0,\N,0,0,\N,0,0,\N,No,0,0,2,4,22,Bandits kill 2,attack,\N,Confirmed by  Internal Security and Home Affairs Commissioner Samuel Aruwan,1,https://guardian.ng/news/bandits-kill-7-persons-in-kaduna/,\N,\N,Sources: The Guardian,Secondary,1,2026-01-25 11:22:30,2026-01-25 11:22:30,\N
397,2021-03-01,2,1,3,15,805,Kutura,0,0,3,0,0,\N,0,0,\N,0,0,\N,No,0,0,2,4,22,Bandits kill 3,attack,\N,"Confirmed by the The Commissioner for Internal Security and Home Affairs in Kaduna, Samuel Aruwan",1,https://guardian.ng/news/bandits-kill-7-persons-in-kaduna/,\N,\N,Sources: The Guardian,Secondary,1,2026-01-25 11:22:30,2026-01-25 11:22:30,\N
398,2021-03-03,2,1,1,3,49,Dikwa,0,0,\N,0,0,\N,0,0,\N,0,0,7,No,0,0,2,4,22,Bandits kidnap 7,attack,\N,"Confrimed by the The Director, Army Public Relations, Brigadier.-General, Mohammed Yerima",1,https://www.vanguardngr.com/2021/03/boko-haram-attacks-dikwa-abducts-7-aid-workers-in-borno/,\N,\N,Sources: Vanguard,Secondary,1,2026-01-25 11:22:30,2026-01-25 11:22:30,\N
399,2021-03-03,2,1,3,17,359,Runka,0,0,\N,0,0,\N,0,0,\N,0,0,3,No,0,0,2,4,22,Bandits kidnap 3,attack,\N,"Confirmed by  The police spokesperson, Gambo Isah",1,https://www.vanguardngr.com/2021/03/again-three-students-kidnapped-in-katsina/,\N,\N,Sources: Vanguard,Secondary,1,2026-01-25 11:22:30,2026-01-25 11:22:30,\N
400,2021-03-03,8,1,5,28,806,Obubra,0,0,\N,0,0,2,0,0,\N,0,0,\N,No,0,0,7,21,22,Bandits kill 2 police officers,attack,\N,"Confirmed by the police spokesperson, Irene Ugbo",1,https://www.premiumtimesng.com/news/headlines/446501-breaking-again-gunmen-kill-two-police-officers-in-cross-river.html,\N,\N,Sources: Premium Times,Secondary,1,2026-01-25 11:22:30,2026-01-25 11:22:30,\N
401,2021-03-04,2,1,3,19,384,Dingyadi,0,0,1,0,0,\N,0,0,\N,0,0,2,No,0,0,2,4,22,"Bandits kill 1, abduct 2",attack,\N,"Confirmed by the ASP Sanusi Abubakar, spokesman of the Sokoto Police Command",1,https://dailytrust.com/women-abducted-as-bandits-hit-hometown-of-police-affairs-minister,\N,\N,Sources: Daily post,Secondary,1,2026-01-25 11:22:30,2026-01-25 11:22:30,\N
402,2021-03-04,2,1,3,20,415,Ruwan Tofa,0,0,\N,0,0,\N,0,0,\N,0,0,70,No,0,0,2,4,22,Bandits kidnap 70,attack,\N,Eye Witness,1,http://saharareporters.com/2021/03/04/bandits-abduct-70-nursing-mothers-children-others-fresh-attack-zamfara-community,\N,\N,Sources: Saharareporters,Secondary,1,2026-01-25 11:22:30,2026-01-25 11:22:30,\N
403,2021-03-05,2,1,3,19,395,Tara,0,0,17,0,0,\N,0,0,\N,0,0,\N,No,0,0,2,4,22,Bandits kill 17,attack,\N,"Confirmed by the Sokoto, Sanusi Abubakar, said the commissioner of police, Kamaldeen Okunlola",1,https://www.sunnewsonline.com/bandits-kill-17-persons-in-sokoto-community/,\N,\N,Sources: The Sun,Secondary,1,2026-01-25 11:22:30,2026-01-25 11:22:30,\N
404,2021-03-05,2,1,3,19,384,Dingyadi,0,0,1,0,0,\N,0,0,\N,0,0,2,No,0,0,2,4,22,Bandits kill 1abduct 2,attack,\N,Confirmed by the sokoto state Police Public Relations Officer ASP Sunusi Abubakar,1,https://guardian.ng/news/police-confirm-killing-of-1-abduction-of-2-by-bandits-in-sokoto-community/,\N,\N,Sources: The Guardian,Secondary,1,2026-01-25 11:22:30,2026-01-25 11:22:30,\N
405,2021-03-06,6,1,6,32,648,Isaba,0,0,2,0,0,\N,0,0,\N,0,0,\N,No,0,0,8,23,22,Herders kill 2 farmers,attack,\N,"Confirmed by the Police Public Relations Officer, Ekiti Command, Sunday Abutu",1,https://www.premiumtimesng.com/news/more-news/447285-suspected-herders-kill-farmers-in-ekiti.html,\N,\N,Sources: Premium Times,Secondary,1,2026-01-25 11:22:30,2026-01-25 11:22:30,\N
406,2021-03-07,2,1,3,17,359,Marina,0,0,4,0,0,1,0,0,\N,0,0,\N,No,0,0,21,2,22,Soldiers Kill 4 Bandits and Bandits kill a soldier,attack,\N,"Confirmed by the Director, Army Public Relations, Mohammed Yerima",1,https://guardian.ng/news/five-killed-as-soldiers-bandits-clash-in-katsina/,\N,\N,Sources: The Guardian,Secondary,1,2026-01-25 11:22:30,2026-01-25 11:22:30,\N
407,2021-03-08,2,1,2,11,205,Jangaru,0,0,30,0,0,\N,0,0,\N,0,0,\N,No,0,0,2,4,22,Bandits kidnap 30,attack,\N,Confirmed by the Chairman of Rafi local government Council Alhaji Ismaila Modibo Kagara,1,https://www.vanguardngr.com/2021/03/bandits-kidnap-30-people-in-rafi-lg-of-niger-state/,\N,\N,Sources: Vanguard,Secondary,1,2026-01-25 11:22:30,2026-01-25 11:22:30,\N
408,2021-03-08,12,1,1,3,62,Lawan-Mainari,0,0,4,0,0,3,0,0,\N,0,0,\N,No,0,0,3,21,22,Terrorists kill 3 soldiersand lose 4 members,attack,\N,Eye Witness,1,http://saharareporters.com/2021/03/08/boko-haram-kills-three-nigerian-soldiers-travellers-along-maiduguri-damaturu-highway,\N,\N,Sources: Saharareporters,Secondary,1,2026-01-25 11:22:30,2026-01-25 11:22:30,\N
409,2021-03-09,2,1,2,11,189,Kainji,0,0,1,0,0,\N,0,0,4,0,0,\N,No,0,0,2,4,22,"Bandits kill 1, injure 4",attack,\N,Eye Witness,1,https://www.vanguardngr.com/2021/03/breaking-bandits-storm-kainji-national-park-kill-one-staff-injure-four-others/,\N,\N,Sources: Vanguard,Secondary,1,2026-01-25 11:22:30,2026-01-25 11:22:30,\N
410,2021-03-09,7,1,6,35,698,Akure,0,0,1,0,0,\N,0,0,\N,0,0,\N,No,0,0,27,27,22,"NURTW members clash, 1 dies",attack,\N,Eye Witness,1,https://www.premiumtimesng.com/regional/ssouth-west/447796-one-shot-dead-in-ondo-nurtw-clash.html,\N,\N,Sources: Premium Times,Secondary,1,2026-01-25 11:22:30,2026-01-25 11:22:30,\N
411,2021-03-09,5,1,4,25,494,Ihite Uboma,0,0,2,0,0,\N,0,0,\N,0,0,\N,No,0,0,21,4,22,Police kill 2,attack,\N,"Confirmed by the Imo State police spokesman, Orlando Ikeokwu",1,https://guardian.ng/news/unrest-in-imo-as-police-allegedly-kill-two-siblings/,\N,\N,Sources: The Guardian,Secondary,1,2026-01-25 11:22:30,2026-01-25 11:22:30,\N
412,2021-03-11,2,1,3,20,415,Maru/Anka,0,0,10,0,0,\N,0,0,\N,0,0,100,No,0,0,2,4,22,Bandits abduct 100 miners and kill 10,attack,\N,"Confirmed by the Emir of Anka, Alhaji Attahiru Ahmad",1,https://www.vanguardngr.com/2021/03/bandits-abduct-100-miners-kill-10-in-zamfara-emirs/,\N,\N,Sources: Vanguard,Secondary,1,2026-01-25 11:22:30,2026-01-25 11:22:30,\N
413,2021-03-11,2,1,3,20,414,Damaga,0,0,13,0,0,\N,0,0,\N,0,0,\N,No,0,0,2,4,22,Bandits  kill 13,attack,\N,Eye Witness,1,https://www.vanguardngr.com/2021/03/bandits-kill-31-people-in-separate-attacks-in-north-%E2%80%95-local-sources/,\N,\N,Sources: Vanguard,Secondary,1,2026-01-25 11:22:30,2026-01-25 11:22:30,\N
414,2021-03-11,2,1,2,10,184,Osewu,0,0,17,0,0,\N,0,0,\N,0,0,\N,No,0,0,2,4,22,Bandits kill village cheif and 16 others,attack,\N,Eye Witness,1,https://dailytrust.com/30-killed-in-nasarawa-zamfara-villages,\N,\N,Sources: The Guardian,Secondary,1,2026-01-25 11:22:30,2026-01-25 11:22:30,\N
415,2021-03-11,2,1,2,11,207,Kapana,0,0,1,0,0,\N,0,0,\N,0,0,18,No,0,0,2,4,22,"Bandits kill 1, injure 18",attack,\N,Eye Witness,1,https://www.vanguardngr.com/2021/03/bandits-kill-31-people-in-separate-attacks-in-north-%E2%80%95-local-sources/,\N,\N,Sources: Vanguard,Secondary,1,2026-01-25 11:22:30,2026-01-25 11:22:30,\N
416,2021-03-12,2,1,3,15,264,Afaka,0,0,\N,0,0,\N,0,0,\N,0,0,39,No,0,0,2,4,22,"Bandits abduct 30, mostly school girls",attack,\N,"Confirmed by  Samuel Aruwan, Commissioner, Ministry of Internal Security and Home Affairs",1,https://thenationonlineng.net/breaking-kaduna-confirms-30-schoolgirls-abducted/,\N,\N,Sources: The Nation,Secondary,1,2026-01-25 11:22:30,2026-01-25 11:22:30,\N
417,2021-03-12,2,1,3,15,263,Marke,0,0,1,0,0,\N,0,0,\N,0,0,\N,No,0,0,2,4,22,Bandits kill 1,attack,\N,"Confirmed by  Samuel Aruwan, Commissioner, Ministry of Internal Security and Home Affairs",1,https://www.pulse.ng/news/local/bandits-kill-7-villagers-steal-20-cows-in-latest-strikes-in-kaduna/1m0b7lt,\N,\N,Sources: Pulse ng,Secondary,1,2026-01-25 11:22:30,2026-01-25 11:22:30,\N
418,2021-03-12,2,1,3,15,262,Kuriga,0,0,2,0,0,\N,0,0,\N,0,0,\N,No,0,0,2,4,22,Bandits kill 2,attack,\N,"Confirmed by  Samuel Aruwan, Commissioner, Ministry of Internal Security and Home Affairs",1,https://www.pulse.ng/news/local/bandits-kill-7-villagers-steal-20-cows-in-latest-strikes-in-kaduna/1m0b7lt,\N,\N,Sources: Pulse ng,Secondary,1,2026-01-25 11:22:30,2026-01-25 11:22:30,\N
419,2021-03-12,2,1,3,15,264,Ganbi,0,0,4,0,0,\N,0,0,\N,0,0,\N,No,0,0,2,8,22,Bandits kill 4 and rustle 20 cows,attack,\N,"Confirmed by the The Commissioner for Internal Security and Home Affairs in Kaduna, Samuel Aruwan",1,https://www.pulse.ng/news/local/bandits-kill-7-villagers-steal-20-cows-in-latest-strikes-in-kaduna/1m0b7lt,\N,\N,Sources: Pulse ng,Secondary,1,2026-01-25 11:22:30,2026-01-25 11:22:30,\N
420,2021-03-13,2,1,3,15,262,Gwagwada,0,0,2,0,0,\N,0,0,\N,0,0,\N,No,0,0,21,2,22,Security forces kill 2 bandits,armed clash,\N,"Confirmed by the The Commissioner for Internal Security and Home Affairs in Kaduna, Samuel Aruwan",1,https://guardian.ng/news/troops-kill-2-bandits-in-kaduna/,\N,\N,Sources: The Guardian,Secondary,1,2026-01-25 11:22:30,2026-01-25 11:22:30,\N
421,2021-03-15,2,1,2,11,197,Azza,0,0,9,0,0,\N,0,0,\N,0,0,\N,No,0,0,11,2,22,Vigilante kill 9 bandits and arrest 4,attack,\N,"Confirmed by the Niger state Police Public Relations Officer, DSP Wasiu Abiodun",1,https://thenationonlineng.net/foiled-attack-vigilantes-kill-nine-arrest-four-bandits-in-niger/,\N,\N,Sources: The Nation,Secondary,1,2026-01-25 11:22:30,2026-01-25 11:22:30,\N
422,2021-03-15,2,1,3,17,359,Kunamawa,0,0,2,0,0,\N,0,0,\N,0,0,\N,No,0,0,2,4,22,Bandits kill 2,attack,\N,"Confirmed by Gambo Isah, spokesperson for the Katsina police command.",1,https://guardian.ng/news/bandits-kill-two-abduct-five-in-katsina/,\N,\N,Sources: The Guardian,Secondary,1,2026-01-25 11:22:30,2026-01-25 11:22:30,\N
423,2021-03-15,2,1,3,17,775,Shaka Iddo,0,0,\N,0,0,\N,0,0,\N,0,0,5,No,0,0,2,4,22,Bandits abduct 5,attack,\N,"Confirmed by Gambo Isah, spokesperson for the Katsina police command.",1,https://guardian.ng/news/bandits-kill-two-abduct-five-in-katsina/,\N,\N,Sources: The Guardian,Secondary,1,2026-01-25 11:22:30,2026-01-25 11:22:30,\N
424,2021-03-16,6,1,6,37,773,Oke Oregun,0,0,1,0,0,\N,0,0,\N,0,0,\N,No,0,0,8,23,22,Herders kill 1,attack,\N,"Confirmed by the Public Relations Officer of Oyo Police command, Mr. Olugbenga Fadeyi",1,https://dailypost.ng/2021/03/16/suspected-herdsmen-kill-farmer-in-oyo-community/,\N,\N,Sources: Daily post,Secondary,1,2026-01-25 11:22:30,2026-01-25 11:22:30,\N
425,2021-03-16,12,1,1,6,102,Katarko,0,0,\N,0,0,\N,0,0,\N,0,0,\N,No,0,0,3,4,22,"Boko Haram Insurgents Attack Yobe Community, Burns School, Healthcare Centre",attack,\N,Eye Witness,1,https://www.channelstv.com/2021/03/16/boko-haram-insurgents-attack-yobe-community-burns-school-healthcare-centre/,\N,\N,Sources: channelstv,Secondary,1,2026-01-25 11:22:30,2026-01-25 11:22:30,\N
426,2021-03-17,2,1,3,17,328,Jargaba,0,0,1,0,0,\N,0,0,\N,0,0,2,No,0,0,2,4,22,Bandits kill 1 kidnap 2,attack,\N,Eye Witness,1,https://www.vanguardngr.com/2021/03/bandits-kill-father-abduct-his-two-children-in-katsina/,\N,\N,Sources: Vanguard | Other: https://punchng.com/bandits-kill-man-abduct-two-children-in-katsina-community/,Secondary,1,2026-01-25 11:22:30,2026-01-25 11:22:30,\N
427,2021-03-19,2,1,3,15,282,Gora Gan,0,0,1,0,0,\N,0,0,\N,0,0,\N,No,0,0,2,4,22,Bandits kill 1,attack,\N,Confirmed by  Internal Security and Home Affairs Commissioner Samuel Aruwan,1,https://guardian.ng/news/bandits-kill-13-injure-7-in-kaduna/,\N,\N,Sources: The Guardian,Secondary,1,2026-01-25 11:22:30,2026-01-25 11:22:30,\N
428,2021-03-19,2,1,3,15,273,Kizachi,0,0,10,0,0,\N,0,0,4,0,0,\N,No,0,0,2,4,22,"Bandits kill 10 , injure 4",attack,\N,"Confirmed by  Samuel Aruwan, Commissioner, Ministry of Internal Security and Home Affairs",1,https://guardian.ng/news/bandits-kill-13-injure-7-in-kaduna/,\N,\N,Sources: The Guardian,Secondary,1,2026-01-25 11:22:30,2026-01-25 11:22:30,\N
429,2021-03-19,2,1,3,15,262,Masaka,0,0,1,0,0,\N,0,0,2,0,0,\N,No,0,0,2,4,22,"Bandits kill 1, injure 2",attack,\N,"Confirmed by  Samuel Aruwan, Commissioner, Ministry of Internal Security and Home Affairs",1,https://guardian.ng/news/bandits-kill-13-injure-7-in-kaduna/,\N,\N,Sources: The Guardian,Secondary,1,2026-01-25 11:22:30,2026-01-25 11:22:30,\N
430,2021-03-19,2,1,3,15,262,Kurmin,0,0,1,0,0,\N,0,0,1,0,0,\N,No,0,0,2,4,22,"Bandits kill 1, injure 1",attack,\N,"Confirmed by  Samuel Aruwan, Commissioner, Ministry of Internal Security and Home Affairs",1,https://guardian.ng/news/bandits-kill-13-injure-7-in-kaduna/,\N,\N,Sources: The Guardian,Secondary,1,2026-01-25 11:22:30,2026-01-25 11:22:30,\N
431,2021-03-19,8,1,4,22,440,Neni,0,0,\N,0,0,1,0,0,\N,0,0,\N,No,0,0,7,21,22,Bandits kill police officer,attack,\N,"Confirmed by the police Public Relations Officer in Anambra state, DSP Ikenga Toochukwu",1,https://www.vanguardngr.com/2021/03/breaking-gunmen-again-kill-1-policeman-2-prison-officials-in-anambra/,\N,\N,Sources: Vanguard,Secondary,1,2026-01-25 11:22:30,2026-01-25 11:22:30,\N
432,2021-03-19,8,1,4,22,437,Ekwulobia,0,0,\N,0,0,3,0,0,\N,0,0,\N,No,0,0,7,21,22,Bandits kill police officer and two prison officers,attack,\N,"Confimed by the police Public Relations Officer in Anambra state, DSP Ikenga Toochukwu\nand      The Public Relations Officer of the Nigeria Correctional Service Mr. Francis Ekezie\n\n/",1,https://www.vanguardngr.com/2021/03/breaking-gunmen-again-kill-1-policeman-2-prison-officials-in-anambra/,\N,\N,Sources: Vanguard,Secondary,1,2026-01-25 11:22:30,2026-01-25 11:22:30,\N
433,2021-03-20,2,1,1,3,64,Damasak,0,0,\N,0,0,1,0,0,\N,0,0,\N,No,0,0,2,21,22,Bandits kill 1 soldier,attack,\N,Eye Witness,1,http://saharareporters.com/2021/03/20/boko-haram-kills-nigerian-soldier-abducted-during-raid-military-base-borno,\N,\N,Sources: Saharareporters,Secondary,1,2026-01-25 11:22:30,2026-01-25 11:22:30,\N
434,2021-03-22,5,1,6,34,682,Ijebu Igbo,0,0,2,0,0,\N,0,0,\N,0,0,\N,No,0,0,28,4,22,Ritualists kill 2,attack,\N,Confirmed by the spokesman of the Ogun stste police Abimbola Oyeyemi,1,https://dailytrust.com/police-arrest-2-over-ritual-killing,\N,\N,Sources: Daily trust,Secondary,1,2026-01-25 11:22:30,2026-01-25 11:22:30,\N
435,2021-03-22,9,1,5,28,556,Akpabuyo,0,0,\N,0,0,\N,0,0,\N,0,0,1,No,0,0,14,4,22,Kidnappers abduct 1,attack,\N,"Confirmed by the police spokesperson in cross river State, Irene Ugbo",1,https://thenationonlineng.net/cross-river-nlc-chairman-kidnapped/,\N,\N,Sources: The Nation,Secondary,1,2026-01-25 11:22:30,2026-01-25 11:22:30,\N
436,2021-03-22,8,1,4,22,441,Mgbakwu,0,0,\N,0,0,\N,0,0,1,0,0,\N,No,0,0,7,21,22,Bandits attack police injure 1,attack,\N,Confirmed by the Anambra State police spokesman Ikenga Tochukwu,1,https://thenationonlineng.net/gunmen-attack-another-police-station-in-anambra/,\N,\N,Sources: The Nation,Secondary,1,2026-01-25 11:22:30,2026-01-25 11:22:30,\N
437,2021-03-22,9,1,5,30,597,Ikakumo,0,0,\N,0,0,\N,0,0,\N,0,0,5,No,0,0,14,4,22,Kidnappers abduct 5,attack,\N,Eye Witness,1,https://tribuneonlineng.com/gunmen-abduct-five-timber-merchants-in-akoko/,\N,\N,Sources: Tribune,Secondary,1,2026-01-25 11:22:30,2026-01-25 11:22:30,\N
438,2021-03-22,8,1,4,21,429,Amaogudu,0,0,\N,0,0,3,0,0,\N,0,0,\N,No,0,0,7,4,22,Bandits kill 3,attack,\N,"Confirmed by the State Deputy Governor, Sir Ude Okochukwu",1,https://www.premiumtimesng.com/news/top-news/450945-another-three-police-officers-killed-in-abia-by-gunmen.html,\N,\N,Sources: Premium Times,Secondary,1,2026-01-25 11:22:30,2026-01-25 11:22:30,\N
439,2021-03-22,2,1,3,15,272,Doka,0,0,1,0,0,\N,0,0,2,0,0,\N,No,0,0,2,4,22,"Bandits kill 1 community leader, injure brother",attack,\N,Confirmed by  Internal Security and Home Affairs Commissioner Samuel Aruwan,1,https://www.premiumtimesng.com/news/top-news/450564-bandits-kill-community-leader-injure-brother-in-kaduna-attack.html,\N,\N,Sources: Premium Times,Secondary,1,2026-01-25 11:22:30,2026-01-25 11:22:30,\N
440,2021-03-23,5,1,3,17,355,Mazoji,0,0,2,0,0,\N,0,0,\N,0,0,\N,No,0,0,18,2,22,Mob kill 2 bandits,attack,\N,Eye Witness,1,https://leadership.ng/jungle-justice-2-kidnappers-killed-in-katsina-community/,\N,\N,Sources: Leadership,Secondary,1,2026-01-25 11:22:30,2026-01-25 11:22:30,\N
441,2021-03-23,6,1,2,7,123,Diz-Zaav,0,0,1,0,0,\N,0,0,\N,0,0,3,No,0,0,2,4,22,Herdsmen kill 1 and abduct 3,attack,\N,Eye Witness,1,https://guardian.ng/news/armed-men-kill-one-farmer-abduct-three-women-with-kids-in-benue/,\N,\N,Sources: The Guardian,Secondary,1,2026-01-25 11:22:30,2026-01-25 11:22:30,\N
442,2021-03-23,6,1,6,37,773,Aba Ogbomoso,0,0,2,0,0,\N,0,0,\N,0,0,\N,No,0,0,4,4,22,Hunters kill 3 fulani settlers,attack,\N,"Confirmed by the Public Relations Officer of Oyo Police command, Mr. Olugbenga Fadeyi",1,https://tribuneonlineng.com/three-arrested-for-alleged-arson-murder-in-saki/,\N,\N,Sources: Nigerian Tribune,Secondary,1,2026-01-25 11:22:30,2026-01-25 11:22:30,\N
443,2021-03-23,2,1,3,15,264,Ungwan Lalle,0,0,3,0,0,\N,0,0,\N,0,0,\N,No,0,0,2,4,22,Bandits kill 3,attack,\N,Confirmed by  Internal Security and Home Affairs Commissioner Samuel Aruwan,1,https://www.vanguardngr.com/2021/03/bandits-kill-four-in-kaduna-villages-3-medical-staff-injured/,\N,\N,Sources: Vanguard,Secondary,1,2026-01-25 11:22:30,2026-01-25 11:22:30,\N
444,2021-03-23,2,1,2,12,212,Katummai,0,0,2,0,0,2,0,0,\N,0,0,\N,No,0,0,2,11,4,Bandits kill 2 security and 2 civilians,attack,\N,Eye Witness,1,https://dailytrust.com/2-soldiers-others-killed-in-plateau-40-houses-razed,\N,\N,Sources: Daily trust,Secondary,1,2026-01-25 11:22:30,2026-01-25 11:22:30,\N
445,2021-03-23,2,1,3,15,807,Golgofa,0,0,1,0,0,\N,0,0,\N,0,0,\N,No,0,0,2,4,22,Bandits kill 1,attack,\N,"Confirmed by the The Commissioner for Internal Security and Home Affairs in Kaduna, Samuel Aruwan",1,https://www.vanguardngr.com/2021/03/bandits-kill-four-in-kaduna-villages-3-medical-staff-injured/,\N,\N,Sources: Vanguard,Secondary,1,2026-01-25 11:22:30,2026-01-25 11:22:30,\N
446,2021-03-25,2,1,3,15,261,Unknown,0,0,6,0,0,\N,0,0,\N,0,0,\N,No,0,0,2,4,22,Bandits kill 6,attack,Dogon Dawa Kuyello,"Confirmed by the The Commissioner for Internal Security and Home Affairs in Kaduna, Samuel Aruwan",1,https://www.thisdaylive.com/index.php/2021/03/25/bandits-kill-nine-in-kaduna-communities/,\N,\N,Sources: Premium Times,Secondary,1,2026-01-25 11:22:30,2026-01-25 11:22:30,\N
447,2021-03-25,2,1,3,15,261,Ungwan Maje,0,0,2,0,0,\N,0,0,\N,0,0,\N,No,0,0,2,4,22,Bandits kill 2,attack,\N,"Confirmed by the The Commissioner for Internal Security and Home Affairs in Kaduna, Samuel Aruwan",1,https://www.thisdaylive.com/index.php/2021/03/25/bandits-kill-nine-in-kaduna-communities/,\N,\N,Sources: Premium Times,Secondary,1,2026-01-25 11:22:30,2026-01-25 11:22:30,\N
448,2021-03-25,2,1,3,15,263,Kwama,0,0,1,0,0,\N,0,0,\N,0,0,\N,No,0,0,2,4,22,Bandits kill 1,attack,\N,"Confirmed by the The Commissioner for Internal Security and Home Affairs in Kaduna, Samuel Aruwan",1,https://www.thisdaylive.com/index.php/2021/03/25/bandits-kill-nine-in-kaduna-communities/,\N,\N,Sources: Premium Times,Secondary,1,2026-01-25 11:22:30,2026-01-25 11:22:30,\N
449,2021-03-25,11,1,4,21,430,Aba,0,0,16,0,0,\N,0,0,\N,0,0,\N,No,0,0,21,12,22,Security operatives kill 16 ESN members,attack,\N,Eye Witness,1,https://www.vanguardngr.com/2021/03/bloodbath-in-abia-16-killed-as-troops-police-esn-clash/,\N,\N,Sources: Vanguard,Secondary,1,2026-01-25 11:22:30,2026-01-25 11:22:30,\N
450,2021-03-28,2,1,2,7,117,Dan- Wanzam,0,0,\N,0,0,\N,0,0,\N,0,0,6,No,0,0,2,4,22,Bandits kidnap 6,attack,\N,"Confirmed  by the Benue State police spokesperson in the state, David Misal",1,https://www.premiumtimesng.com/regional/nnorth-east/384493-groom-five-others-kidnapped-in-taraba.html,\N,\N,Sources: Premium Times,Secondary,1,2026-01-25 11:22:30,2026-01-25 11:22:30,\N
451,2021-03-29,2,1,1,3,47,Unknown,0,0,39,0,0,\N,0,0,\N,0,0,\N,No,0,0,21,2,22,Security forces kill 48 bandits,armed clash,Askira-Chibok,"Confirmed by the Director Army Public Relations, Brig-Gen. Mohammed Yerima",1,https://guardian.ng/news/nigeria/national/army-kills-48-terrorists-rescues-eight-abductees-in-borno/,\N,\N,Sources: The Guardian,Secondary,1,2026-01-25 11:22:30,2026-01-25 11:22:30,\N
452,2021-03-29,2,1,1,3,52,Sambisa,0,0,9,0,0,\N,0,0,\N,0,0,\N,No,0,0,21,2,22,Security forces kill 9 bandits,armed clash,\N,"Confirmed by the Director Army Public Relations, Brig-Gen. Mohammed Yerima",1,https://guardian.ng/news/nigeria/national/army-kills-48-terrorists-rescues-eight-abductees-in-borno/,\N,\N,Sources: The Guardian,Secondary,1,2026-01-25 11:22:30,2026-01-25 11:22:30,\N
453,2021-03-30,6,1,4,23,465,"Egedegede, Obegu And Amuzu",0,0,15,0,0,\N,0,0,\N,0,0,\N,No,0,0,8,4,22,Herders kill 15 in Ebonyi State,attack,\N,Confirmed by the Executive governor Of Ebonyi state. Dave Umahi,1,https://punchng.com/herdsmen-killed-15-persons-in-ebonyi-communities-gov-umahi/,\N,\N,Sources: Punch,Secondary,1,2026-01-25 11:22:30,2026-01-25 11:22:30,\N
454,2021-03-31,8,1,4,24,808,Adani,0,0,8,0,0,\N,0,0,\N,0,0,\N,No,0,0,7,4,22,Bandits kill 8 people,attack,\N,"Confirmed by the Commissioner of Police, Enugu State Police Command, Mohammed Ndatsu Aliyu",1,https://www.vanguardngr.com/2021/03/massacre-in-ebonyi-priest-17-others-killed-by-herdsmen/,\N,\N,Sources: Vanguard,Secondary,1,2026-01-25 11:22:30,2026-01-25 11:22:30,\N
455,2021-03-31,2,1,3,15,262,Ungwan Yako,0,0,6,0,0,\N,0,0,4,0,0,\N,No,0,0,2,4,22,Bandits kill 6,attack,\N,"Confirmed by the The Commissioner for Internal Security and Home Affairs in Kaduna, Samuel Aruwan",1,https://www.thisdaylive.com/index.php/2021/03/31/bandits-kill-eight-injure-four-in-kaduna/,\N,\N,Sources: Thisday,Secondary,1,2026-01-25 11:22:30,2026-01-25 11:22:30,\N
456,2021-03-31,2,1,3,15,272,Iburu,0,0,1,0,0,\N,0,0,\N,0,0,\N,No,0,0,2,4,22,Bandits kill 1,attack,\N,"Confirmed by the The Commissioner for Internal Security and Home Affairs in Kaduna, Samuel Aruwan",1,https://www.thisdaylive.com/index.php/2021/03/32/bandits-kill-eight-injure-four-in-kaduna/,\N,\N,Sources: Thisday,Secondary,1,2026-01-25 11:22:30,2026-01-25 11:22:30,\N
457,2021-03-31,2,1,3,15,263,Hayin Kanwa,0,0,1,0,0,\N,0,0,\N,0,0,\N,No,0,0,2,4,22,Bandits kill 1,attack,\N,"Confirmed by the The Commissioner for Internal Security and Home Affairs in Kaduna, Samuel Aruwan",1,https://www.thisdaylive.com/index.php/2021/03/33/bandits-kill-eight-injure-four-in-kaduna/,\N,\N,Sources: Thisday,Secondary,1,2026-01-25 11:22:30,2026-01-25 11:22:30,\N
458,2021-04-01,2,1,3,15,261,Gayam,0,0,1,0,0,\N,0,0,\N,0,0,\N,No,0,0,2,4,22,Bandits kill Ex-councillor,attack,\N,"Confirmed by the The Commissioner for Internal Security and Home Affairs in Kaduna, Samuel Aruwan",1,https://guardian.ng/news/bandits-kill-ex-councillor-in-kaduna-state/,\N,\N,Sources: The Guardian | Other: https://guardian.ng/news/bandits-kill-ex-councillor-in-kaduna-state/,Secondary,1,2026-01-25 11:22:30,2026-01-25 11:22:30,\N
459,2021-04-01,2,1,2,11,207,Allawa,0,0,\N,0,0,6,0,0,\N,0,0,\N,No,0,0,2,21,22,Bandits kill 6 security operatives in attck Niger Community,attack,\N,Eye Witness,1,https://thenationonlineng.net/bandits-kill-five-soldiers-two-others-in-niger/,\N,\N,Sources: The Nation,Secondary,1,2026-01-25 11:22:30,2026-01-25 11:22:30,\N
460,2021-04-01,2,1,2,11,207,"Manta, Gurmana and Bassa",0,0,1,0,0,\N,0,0,\N,0,0,4,No,0,0,2,4,22,Bandits kill 1 abduct 4 in attack on Niger state commuities,attack,\N,Eye Witness,1,https://thenationonlineng.net/bandits-kill-five-soldiers-two-others-in-niger/,\N,\N,Sources: The Nation,Secondary,1,2026-01-25 11:22:30,2026-01-25 11:22:30,\N
461,2021-04-01,2,1,3,15,272,Kasuwan Magani,0,0,1,0,0,\N,0,0,\N,0,0,\N,No,0,0,2,4,22,Bandits kill 1,attack,\N,"Confirmed by the The Commissioner for Internal Security and Home Affairs in Kaduna, Samuel Aruwan",1,https://guardian.ng/news/bandits-kill-ex-councillor-in-kaduna-state/,\N,\N,Sources: The Guardian,Secondary,1,2026-01-25 11:22:30,2026-01-25 11:22:30,\N
462,2021-04-01,2,1,1,3,48,Azir,0,0,1,0,0,\N,0,0,\N,0,0,\N,No,0,0,2,4,22,Bandits kill 1,attack,\N,"Confirmed by the The District Head of Damboa, Zanna Lawan Maina",1,https://www.vanguardngr.com/2021/04/boko-haram-kill-one-loot-foodstuff-in-borno-lg/,\N,\N,Sources: Vanguard,Secondary,1,2026-01-25 11:22:30,2026-01-25 11:22:30,\N
463,2021-04-02,12,1,1,3,65,Nganzai,0,0,8,0,0,\N,0,0,\N,0,0,\N,No,0,0,21,3,22,Security forces kill 8 insurgents,attack,\N,Eye Witness,1,http://saharareporters.com/2021/04/02/eight-killed-many-injured-boko-haram-terrorists-ambush-borno-government-officials,\N,\N,Sources: Saharareporters,Secondary,1,2026-01-25 11:22:30,2026-01-25 11:22:30,\N
464,2021-04-03,2,1,2,10,179,Garaku,0,0,2,0,0,\N,0,0,\N,0,0,\N,No,0,0,2,4,22,Bandits kill two Macban Leaders,attack,\N,"Confirmed by the the command’s Public Relations Officer, ASP Ramhan Nansel",1,https://guardian.ng/news/bandits-kill-nasarawa-macban-chairman-1-other-police/,\N,\N,Sources: The Guardian,Secondary,1,2026-01-25 11:22:30,2026-01-25 11:22:30,\N
465,2021-04-03,5,1,1,5,809,Baka,0,0,5,0,0,\N,0,0,\N,0,0,\N,No,0,0,21,4,22,Security forces kill 5 youths,attack,\N,"Confirmed by the Deputy Speaker of  the state House of Assembly, Hamman Adama",1,https://guardian.ng/news/soldiers-kill-five-youths-in-taraba/,\N,\N,Sources: The Guardian,Secondary,1,2026-01-25 11:22:30,2026-01-25 11:22:30,\N
466,2021-04-03,5,1,2,7,121,Tse Ugir,0,0,9,0,0,\N,0,0,\N,0,0,\N,No,0,0,21,4,22,Security forces kill 9 youths,attack,\N,Eye Witness,1,http://saharareporters.com/2021/04/03/nigerian-soldiers-allegedly-kill-nine-youths-arrested-during-burial-ceremony-benue,\N,\N,Sources: Saharareporters,Secondary,1,2026-01-25 11:22:30,2026-01-25 11:22:30,\N
467,2021-04-04,8,1,4,25,507,Afor Umuaka,0,0,4,0,0,\N,0,0,\N,0,0,\N,No,0,0,7,4,22,Bandits kill 4 suya sellers,attack,\N,"Confirmed by the  Senior Special Assistant to the Governor of Imo State on Gender, Vulnerable Groups, Northern Affairs (Men), Hon. Sulaiman Ibrahim Sulaiman",1,https://dailytrust.com/tension-as-7-northern-traders-are-shot-dead-in-imo,\N,\N,Sources: Daily trust,Secondary,1,2026-01-25 11:22:30,2026-01-25 11:22:30,\N
468,2021-04-04,8,1,4,25,500,Umuaka,0,0,3,0,0,\N,0,0,\N,0,0,\N,No,0,0,7,4,22,Bandits kill 3,attack,\N,"Confirmed by the  Senior Special Assistant to the Governor of Imo State on Gender, Vulnerable Groups, Northern Affairs (Men), Hon. Sulaiman Ibrahim Sulaiman",1,https://dailytrust.com/tension-as-7-northern-traders-are-shot-dead-in-imo,\N,\N,Sources: Daily trust,Secondary,1,2026-01-25 11:22:30,2026-01-25 11:22:30,\N
469,2021-04-05,5,1,4,25,490,Aba Branch,0,0,3,0,0,\N,0,0,\N,0,0,\N,No,0,0,4,4,18,Man shoots 2 people and is killed by a mob,armed clash,\N,"Confirmed by the police spokesperson in the state, Orlando Ikeokwu",1,https://punchng.com/mob-beats-man-to-death-for-killing-two-over-n50-bet-in-imo/,\N,\N,Sources: Punch,Secondary,1,2026-01-25 11:22:30,2026-01-25 11:22:30,\N
470,2021-04-05,8,1,5,29,589,Udu,0,0,2,0,0,2,0,0,\N,0,0,\N,No,0,0,7,21,4,Gunmen kill 2 police men and two civilians in delta,attack,\N,"Confirmed by the Delta State Commissioner of Police, Hafiz Inuwa",1,https://guardian.ng/news/gunmen-kill-two-policemen-civilians-at-delta-nightclub/,\N,\N,Sources: The Guardian,Secondary,1,2026-01-25 11:22:30,2026-01-25 11:22:30,\N
471,2021-04-05,2,1,3,20,414,Tsibiri,0,0,1,0,0,\N,0,0,\N,0,0,\N,No,0,0,21,2,22,Police kill 1 bandit,armed clash,\N,Eye Witness,1,https://www.channelstv.com/2021/04/05/police-kill-suspected-bandit-recover-ammunition-in-zamfara/,\N,\N,Sources: channelstv,Secondary,1,2026-01-25 11:22:30,2026-01-25 11:22:30,\N
472,2021-04-05,8,1,4,22,438,Aguleri,0,0,\N,0,0,\N,0,0,\N,0,0,5,No,0,0,7,4,22,Bandits kidnap 5,attack,\N,Confirmed by the Anambra State police spokesman Ikenga Tochukwu,1,https://www.thisdaylive.com/index.php/2021/04/05/suspected-herdsmen-kidnap-five-persons-in-anambra-community/,\N,\N,Sources: Thisday,Secondary,1,2026-01-25 11:22:30,2026-01-25 11:22:30,\N
473,2021-04-06,9,1,5,29,584,Okutolo,0,0,2,0,0,\N,0,0,\N,0,0,\N,No,0,0,14,4,22,Kidnappers kill 2 civilians,attack,\N,"Confirmed y the Police Public Relations Officer of the State command, Mr. Bright Edafe",1,https://www.vanguardngr.com/2021/04/2-killed-as-police-rescues-6-kidnapped-passengers-in-delta/,\N,\N,Sources: Vanguard,Secondary,1,2026-01-25 11:22:30,2026-01-25 11:22:30,\N
474,2021-04-06,8,1,4,23,465,Ugbodo,0,0,1,0,0,\N,0,0,1,0,0,\N,No,0,0,21,7,22,"Police kill 1 bandit , one police man injured",attack,\N,Eye Witness,1,https://thenationonlineng.net/one-killed-as-police-repel-attack-on-station-in-ebonyi/,\N,\N,Sources: The Nation,Secondary,1,2026-01-25 11:22:30,2026-01-25 11:22:30,\N
475,2021-04-07,9,1,6,35,810,Ajowa Akoko,0,0,\N,0,0,\N,0,0,\N,0,0,5,No,0,0,14,4,22,Kidnappers abduct 5,attack,\N,Eye Witness,1,https://www.premiumtimesng.com/news/top-news/453552-insecurity-gunmen-allegedly-kidnap-family-of-five-in-ondo.html,\N,\N,Sources: Premium Times,Secondary,1,2026-01-25 11:22:30,2026-01-25 11:22:30,\N
476,2021-04-07,9,1,6,36,713,Ifewara,0,0,\N,0,0,\N,0,0,\N,0,0,2,No,0,0,14,4,22,Kidnappers abduct 2 chinese nationals,attack,\N,"Confirmed by the Spokesperson of osun state command, SP Yemisi Opalola",1,https://guardian.ng/news/kidnappers-demand-n10m-for-release-of-chinese-miners-in-osun/,\N,\N,Sources: The Guardian,Secondary,1,2026-01-25 11:22:30,2026-01-25 11:22:30,\N
477,2021-04-08,2,1,3,15,261,Ungwan Nacibi,0,0,24,0,0,\N,0,0,\N,0,0,\N,No,0,0,21,2,22,Airforce airstrike kill 24,attack,\N,"Confirmed by the The Commissioner for Internal Security and Home Affairs in Kaduna, Samuel Aruwan",1,https://thenationonlineng.net/troops-neutralise-24-bandits-in-kaduna/,\N,\N,Sources: The Nation,Secondary,1,2026-01-25 11:22:30,2026-01-25 11:22:30,\N
478,2021-04-08,4,1,4,22,442,Okpuno,0,0,2,0,0,\N,0,0,\N,0,0,\N,No,0,0,24,24,22,Cult clash claim 3 lives in Anambra,armed clash,\N,Confirmed by the Anambra State police spokesman Ikenga Tochukwu,1,https://thenationonlineng.net/three-killed-in-anambra-cult-clash/,\N,\N,Sources: The Nation,Secondary,1,2026-01-25 11:22:30,2026-01-25 11:22:30,\N
479,2021-04-08,4,1,4,22,442,Umubele,0,0,1,0,0,\N,0,0,\N,0,0,\N,No,0,0,24,24,22,1 killed in Anambra Cult clash,armed clash,\N,Confirmed by the Anambra State police spokesman Ikenga Tochukwu,1,https://thenationonlineng.net/three-killed-in-anambra-cult-clash/,\N,\N,Sources: The Nation,Secondary,1,2026-01-25 11:22:30,2026-01-25 11:22:30,\N
480,2021-04-08,8,1,4,25,488,Umuezie,0,0,\N,0,0,\N,0,0,\N,0,0,8,No,0,0,7,4,22,Bandits kidnap traditional ruler and 7 chiefs,attack,\N,Eye Witness,1,https://thenationonlineng.net/panic-as-gunmen-kidnap-monarch-seven-chiefs-in-imo/,\N,\N,Sources: The Nation,Secondary,1,2026-01-25 11:22:30,2026-01-25 11:22:30,\N
481,2021-04-08,9,1,6,37,754,Ibarapa,0,0,\N,0,0,\N,0,0,\N,0,0,3,No,0,0,14,4,22,Kidnappers abduct 3,attack,\N,Eye Witnesst,1,https://thenationonlineng.net/three-kidnapped-one-injured-in-fresh-attacks-in-ibarapa/,\N,\N,Sources: The Nation,Secondary,1,2026-01-25 11:22:30,2026-01-25 11:22:30,\N
482,2021-04-08,9,1,4,25,498,Mbieri,0,0,\N,0,0,\N,0,0,\N,0,0,1,No,0,0,14,21,22,Kidnappers abduct 1 cop,attack,\N,"Confirmed by the Police spokesperson in the state, Orlando Ikeokwu",1,http://saharareporters.com/2021/04/08/breaking-again-gunmen-attack-imo-police-station-kidnap-cop,\N,\N,Sources: Saharareporters,Secondary,1,2026-01-25 11:22:30,2026-01-25 11:22:30,\N
483,2021-04-08,2,1,2,7,133,Ukum,0,0,1,0,0,2,0,0,\N,0,0,2,No,0,0,2,21,4,"Bandits kill 2 policemen and 1 chinese national, kidpnap 2",armed clash,\N,"Confirmed by the spokesperson of the police command in Benue state, DSP Catherine Anene",1,https://www.thisdaylive.com/index.php/2021/04/08/gunmen-kill-two-policemen-one-chinese-expatriate-kidnap-two-others/,\N,\N,Sources: Thisday,Secondary,1,2026-01-25 11:22:30,2026-01-25 11:22:30,\N
484,2021-04-09,8,1,6,34,686,Imeko,0,0,\N,0,0,\N,0,0,\N,0,0,2,No,0,0,7,4,22,Kidnappers abduct 2,attack,\N,"Confirmed by the spokesman of the Ogun Police Command, Abimbola Oyeyemi",1,https://guardian.ng/news/gunmen-abduct-doctor-nurse-in-ogun/,\N,\N,Sources: The Guardian,Secondary,1,2026-01-25 11:22:30,2026-01-25 11:22:30,\N
485,2021-04-09,5,1,2,7,122,Bonta,0,0,70,0,0,\N,0,0,\N,0,0,\N,No,0,0,21,4,22,Soldiers kill 70 villagers,attack,\N,Eye Witness,1,https://dailytrust.com/breaking-soldiers-killed-over-70-innocent-persons-demolished-hospitals-benue-residents,\N,\N,Sources: Daily trust,Secondary,1,2026-01-25 11:22:30,2026-01-25 11:22:30,\N
486,2021-04-10,2,1,2,11,207,Gurmana,0,0,1,0,0,\N,0,0,\N,0,0,10,No,0,0,2,4,22,Bandits kill 1 and kidnap 10,attack,\N,Eye Witness,1,https://www.vanguardngr.com/2021/04/bandits-kill-one-abduct-10-people-set-houses-ablaze-rustle-cattle-in-niger/,\N,\N,Sources: Vanguard,Secondary,1,2026-01-25 11:22:30,2026-01-25 11:22:30,\N
487,2021-04-10,2,1,2,12,216,Kuru,0,0,8,0,0,\N,0,0,\N,0,0,\N,No,0,0,2,4,22,Bandits kill 8 miners,attack,\N,"Confirmed by the spokesperson, Makut Macham",1,https://www.premiumtimesng.com/news/headlines/454401-gunmen-kill-eight-people-at-plateau-mining-site.html,\N,\N,Sources: Premium Times,Secondary,1,2026-01-25 11:22:30,2026-01-25 11:22:30,\N
488,2021-04-10,2,1,1,1,7,Kwapre,0,0,5,0,0,\N,0,0,\N,0,0,30,No,0,0,2,4,22,Bandits kill 5,attack,\N,"Confirmed by the  Member representing Gombi/ Hong Federal Constituency and Chairman,Committee on Foreign Affairs of the House of Representatives, Rt. Hon Yusuf Buba Yakubu",1,https://thenationonlineng.net/boko-haram-kills-five-abducts-30-women-in-adamawa-village/,\N,\N,Sources: The Nation | Other: https://dailypost.ng/2021/04/10/breaking-boko-haram-attacks-adamawa-community-kill-5-people-abduct-many-women/,Secondary,1,2026-01-25 11:22:30,2026-01-25 11:22:30,\N
489,2021-04-10,4,1,5,31,811,Old Port Harcourt,0,0,3,0,0,\N,0,0,\N,0,0,\N,No,0,0,24,24,22,Cultist clash claim 3 lives,attack,\N,"Confirmed by River State Police Public Relations Officer, Nnamdi Omoni",1,https://www.vanguardngr.com/2021/04/three-feared-killed-as-cultists-clash-in-port-harcourt/,\N,\N,Sources: Vanguard,Secondary,1,2026-01-25 11:22:30,2026-01-25 11:22:30,\N
490,2021-04-12,2,1,2,7,122,Konshisha,0,0,10,0,0,\N,0,0,\N,0,0,\N,No,0,0,2,21,22,Bandits kill 10 soldiers,attack,\N,"Confirmed by the Spokesman of the Nigerian Army, Brigadier General Mohammed Yerima",1,https://www.thisdaylive.com/index.php/2021/04/09/army-confirms-killing-of-officer-10-soldiers-by-bandits-in-benue/,\N,\N,Sources: Thisday,Secondary,1,2026-01-25 11:22:30,2026-01-25 11:22:30,\N
491,2021-04-12,2,1,2,11,207,Bassa,0,0,5,0,0,\N,0,0,\N,0,0,\N,No,0,0,2,4,22,Bandits kill 5,attack,\N,Eye Witness,1,https://www.premiumtimesng.com/news/top-news/454739-bandits-kill-five-vigilante-members-in-fresh-attacks-in-niger.html,\N,\N,Sources: Premium Times,Secondary,1,2026-01-25 11:22:30,2026-01-25 11:22:30,\N
492,2021-04-12,2,1,3,17,359,Unknown,0,0,\N,0,0,\N,0,0,\N,0,0,15,No,0,0,2,4,22,Bandits abduct 15 passengers,attack,Tsakskiya-Ummadau,Eye Witness,1,https://www.thisdaylive.com/index.php/2021/04/12/bandits-abduct-15-passengers-in-katsina/,\N,\N,Sources: Thisday,Secondary,1,2026-01-25 11:22:30,2026-01-25 11:22:30,\N
493,2021-04-12,2,1,3,15,282,Wawan Rafi Ii,0,0,2,0,0,\N,0,0,\N,0,0,\N,No,0,0,2,4,22,Bandits kill 2,attack,\N,"Confirmed by the The Commissioner for Internal Security and Home Affairs in Kaduna, Samuel Aruwan",1,https://guardian.ng/news/nigeria/bandits-kill-2-persons-burn-houses-vehicles-in-kaduna-lga/,\N,\N,Sources: The Guardian,Secondary,1,2026-01-25 11:22:30,2026-01-25 11:22:30,\N
494,2021-04-13,2,1,3,17,343,Jibia,0,0,3,0,0,\N,0,0,\N,0,0,\N,No,0,0,4,2,22,Civilians kill 3 bandits,attack,\N,"Confirmed by  the police spokesperson, Gambo Isah",1,https://www.thisdaylive.com/index.php/2021/04/13/katsina-community-kills-three-bandits15-passengers-abducted/,\N,\N,Sources: Thisday,Secondary,1,2026-01-25 11:22:30,2026-01-25 11:22:30,\N
495,2021-04-14,8,1,5,29,582,Ashaka,0,0,\N,0,0,1,0,0,\N,0,0,\N,No,0,0,7,21,22,Gunmen kill 1 police officer,attack,\N,"confirmed by the Police Public Relations Officer (PPRO), DSP Bright Edafe",1,https://guardian.ng/news/bandits-attack-policemen-kill-inspector-cart-rifles-away/,\N,\N,Sources: The Guardian,Secondary,1,2026-01-25 11:22:30,2026-01-25 11:22:30,\N
496,2021-04-14,2,1,3,15,264,Baka,0,0,4,0,0,\N,0,0,\N,0,0,\N,No,0,0,2,4,22,Bandits kill 4 in kaduna,attack,\N,"Confirmed by the The Commissioner for Internal Security and Home Affairs in Kaduna, Samuel Aruwan",1,https://www.thisdaylive.com/index.php/2021/04/14/bandits-kill-five-in-unending-attacks-on-kaduna-communities/,\N,\N,Sources: Thisday,Secondary,1,2026-01-25 11:22:30,2026-01-25 11:22:30,\N
497,2021-04-14,2,1,3,15,282,Sabanfan,0,0,1,0,0,\N,0,0,\N,0,0,\N,No,0,0,2,4,22,Bandits kill 1,attack,\N,"Confirmed by the the Commissioner for Internal Security and Home Affairs in Kaduna, Samuel Aruwan",1,https://www.thisdaylive.com/index.php/2021/04/14/bandits-kill-five-in-unending-attacks-on-kaduna-communities/,\N,\N,Sources: Thisday,Secondary,1,2026-01-25 11:22:30,2026-01-25 11:22:30,\N
498,2021-04-14,3,1,1,4,70,Jessu,0,0,7,0,0,\N,0,0,\N,0,0,\N,No,0,0,5,5,22,7 die in communal clash,attack,\N,"Confirmed by the Governor of Gombe State, Inuwa Yahaya",1,https://www.premiumtimesng.com/news/headlines/455053-15-killed-houses-razed-in-gombe-communal-clash.html,\N,\N,Sources: Premium Times,Secondary,1,2026-01-25 11:22:30,2026-01-25 11:22:30,\N
499,2021-04-14,3,1,1,4,70,Nyuwar,0,0,8,0,0,\N,0,0,\N,0,0,\N,No,0,0,5,5,22,8 die in communal clash,attack,\N,"Confirmed by the Governor of Gombe State, Inuwa Yahaya",1,https://www.premiumtimesng.com/news/headlines/455053-15-killed-houses-razed-in-gombe-communal-clash.html,\N,\N,Sources: Premium Times,Secondary,1,2026-01-25 11:22:30,2026-01-25 11:22:30,\N
500,2021-04-14,2,1,3,15,282,Wawan Rafi Ii,0,0,1,0,0,\N,0,0,\N,0,0,\N,No,0,0,2,4,22,Bandits kill 1,attack,\N,"Confirmed by the The Commissioner for Internal Security and Home Affairs in Kaduna, Samuel Aruwan",1,http://saharareporters.com/2021/04/14/bandits-kill-kaduna-man-five-days-wedding,\N,\N,Sources: Saharareporters,Secondary,1,2026-01-25 11:22:30,2026-01-25 11:22:30,\N
501,2021-04-15,8,1,6,37,766,Onipe,0,0,\N,0,0,\N,0,0,\N,0,0,3,No,0,0,7,4,22,Bandits kidnap 3 women in oyo,attack,\N,"Confirmed by Oyo state command Police Public Relations Officer, Adewale Osifeso",1,https://leadership.ng/bandits-abduct-3-women-in-oyo/,\N,\N,Sources: Leadership,Secondary,1,2026-01-25 11:22:30,2026-01-25 11:22:30,\N
502,2021-04-16,6,1,6,37,754,Konko,0,0,1,0,0,\N,0,0,\N,0,0,\N,No,0,0,8,23,22,herdsmen kill 1,attack,\N,Eye Witness,1,https://punchng.com/suspected-herdsmen-kill-another-ibarapa-farmer-in-oyo/,\N,\N,Sources: Punch,Secondary,1,2026-01-25 11:22:30,2026-01-25 11:22:30,\N
503,2021-04-16,2,1,1,5,93,Rafinkada,0,0,3,0,0,\N,0,0,\N,0,0,\N,No,0,0,2,4,22,Bandits kill 3,attack,\N,Confirmed by the Police Public Relations Officer of T araba State  David Misal,1,https://guardian.ng/news/gunmen-kill-three-sack-taraba-community/,\N,\N,Sources: The Guardian,Secondary,1,2026-01-25 11:22:30,2026-01-25 11:22:30,\N
504,2021-04-16,2,1,3,17,775,Danmusa,0,0,1,0,0,\N,0,0,\N,0,0,\N,No,0,0,2,4,22,Bandits kill 1,attack,\N,"Confirmed by  The police spokesperson, Gambo Isah",1,https://guardian.ng/news/gunmen-kill-ex-lg-director-in-katsina/,\N,\N,Sources: The Guardian,Secondary,1,2026-01-25 11:22:30,2026-01-25 11:22:30,\N
505,2021-04-17,2,1,2,7,125,Anune,0,0,5,0,0,\N,0,0,\N,0,0,\N,No,0,0,21,2,22,Security forces kill 5 bandits,attack,\N,"Confirmed by the spokesperson of the police command in Benue state, DSP Catherine Anene",1,https://www.legit.ng/1412113-breaking-nigerian-soldiers-storm-bandits-hideout-benue-kill-5.html,\N,\N,Sources: Legit,Secondary,1,2026-01-25 11:22:30,2026-01-25 11:22:30,\N
506,2021-04-17,2,1,1,5,91,Dogo-Gawa,0,0,\N,0,0,1,0,0,\N,0,0,\N,No,0,0,2,21,22,Bandits kill 1 security officer,attack,\N,"Confirmed  by Mr Shoban Tikari, Chairman of Takum local government council of Taraba",1,https://guardian.ng/news/nigeria/national/suspected-bandits-attack-taraba-council-chairman-kill-police-orderly/,\N,\N,Sources: The Guardian,Secondary,1,2026-01-25 11:22:30,2026-01-25 11:22:30,\N
507,2021-04-18,1,1,3,15,271,Akeleku,0,0,1,0,0,\N,0,0,\N,0,0,\N,No,0,0,21,1,22,Police officer kill 1 robber,attack,\N,"Confirmed y the Public Relations Officer of Nasarawa State Ministry of Youth and Sports Development, Eche Amos",1,https://guardian.ng/sport/one-killed-as-robbers-attack-nasarawas-sports-festival-team/,\N,\N,Sources: The Guardian,Secondary,1,2026-01-25 11:22:30,2026-01-25 11:22:30,\N
508,2021-04-18,2,1,3,20,415,Ruwan Tofa,0,0,3,0,0,\N,0,0,\N,0,0,\N,No,0,0,2,4,11,Bandits kill 3 including a vigilante,attack,\N,Eye Witness,1,https://www.premiumtimesng.com/regional/nwest/455917-how-20-died-in-reprisal-attacks-between-bandits-vigilante-groups-in-zamfara.html,\N,\N,Sources: Premium Times,Secondary,1,2026-01-25 11:22:30,2026-01-25 11:22:30,\N
509,2021-04-18,2,1,3,20,415,Ruwan Tofa,0,0,16,0,0,\N,0,0,5,0,0,\N,No,0,0,11,2,22,Vigilante members mob and kill 16 suspected bandits in reprisal attacks,attack,\N,Eye Witness,1,https://www.premiumtimesng.com/regional/nwest/455917-how-20-died-in-reprisal-attacks-between-bandits-vigilante-groups-in-zamfara.html,\N,\N,Sources: Premium Times,Secondary,1,2026-01-25 11:22:30,2026-01-25 11:22:30,\N
510,2021-04-18,2,1,2,11,207,Garkogo,0,0,5,0,0,\N,0,0,\N,0,0,\N,No,0,0,21,2,22,Police kill 6 bandits,attack,\N,Eye Witness,1,https://www.thisdaylive.com/index.php/2021/04/18/police-kill-six-bandits-injure-others-in-niger/,\N,\N,Sources: Thisday,Secondary,1,2026-01-25 11:22:30,2026-01-25 11:22:30,\N
511,2021-04-18,2,1,1,3,46,Kamuya,0,0,\N,0,0,4,0,0,\N,0,0,\N,No,0,0,2,21,22,Bandits kill 4 soildiers,attack,\N,Eye Witness,1,https://dailypost.ng/2021/04/18/boko-haram-4-soldiers-reportedly-killed-as-insurgents-attack-kamuya-in-borno/,\N,\N,Sources: Daily post,Secondary,1,2026-01-25 11:22:30,2026-01-25 11:22:30,\N
512,2021-04-20,2,1,3,17,346,Mararaba Gubi,0,0,3,0,0,\N,0,0,\N,0,0,\N,No,0,0,21,2,22,Police kill 3 bandits,armed clash,\N,"Confirmed by  Kastsina police spokesperson, Gambo Isah",1,https://www.thisdaylive.com/index.php/2021/04/20/katsina-police-kill-three-bandits-recover-ak-47-rifle/,\N,\N,Sources: Thisday | Other: https://www.vanguardngr.com/2021/04/police-kill-3-bandits-terrorizing-kankara-axis-in-katsina/,Secondary,1,2026-01-25 11:22:30,2026-01-25 11:22:30,\N
513,2021-04-20,2,1,2,11,207,Garkogo,0,0,6,0,0,\N,0,0,\N,0,0,\N,No,0,0,21,2,22,Police kill 6 bandits,armed clash,\N,Eye Witness,1,https://www.vanguardngr.com/2021/04/police-kill-six-bandits-injure-scores-in-niger/,\N,\N,Sources: Vanguard,Secondary,1,2026-01-25 11:22:30,2026-01-25 11:22:30,\N
514,2021-04-21,9,1,6,37,754,Maami,0,0,\N,0,0,\N,0,0,\N,0,0,5,No,0,0,14,4,22,Kidnappers abduct 5,attack,\N,Eye Witness,1,https://punchng.com/four-children-farmer-abducted-by-suspected-herdsmen-in-oyo/,\N,\N,Sources: Punch,Secondary,1,2026-01-25 11:22:30,2026-01-25 11:22:30,\N
515,2021-04-21,8,1,4,24,808,Adani,0,0,\N,0,0,2,0,0,\N,0,0,\N,No,0,0,7,21,22,Gunmen attack police station kill 2 police officers,attack,\N,Eye Witness,1,https://guardian.ng/news/two-policemen-killed-in-gunmen-attack-on-police-station/,\N,\N,Sources: The Guardian,Secondary,1,2026-01-25 11:22:30,2026-01-25 11:22:30,\N
516,2021-04-21,9,1,6,35,810,Unknown,0,0,\N,0,0,\N,0,0,\N,0,0,3,No,0,0,14,4,22,Kidnappers abduct 3 construction workers,attack,Karamu/Akunnu Akoko,"Confirmed by Tee-Leo lkoro, Ondo state police spokesperson",1,https://www.premiumtimesng.com/news/top-news/456708-gunmen-abduct-construction-workers-in-ondo.html,\N,\N,Sources: Premium Times,Secondary,1,2026-01-25 11:22:30,2026-01-25 11:22:30,\N
517,2021-04-21,8,1,6,37,742,Fiditi,0,0,1,0,0,\N,0,0,1,0,0,\N,No,0,0,7,4,22,"Bandits kill 1 amotekun personnel, injure 1",attack,\N,Eye Witness,1,https://www.premiumtimesng.com/news/more-news/456710-bandits-kill-amotekun-operative-in-oyo.html,\N,\N,Sources: Premium Times,Secondary,1,2026-01-25 11:22:30,2026-01-25 11:22:30,\N
518,2021-04-22,9,1,6,37,812,Unknown,0,0,\N,0,0,\N,0,0,\N,0,0,18,No,0,0,14,4,22,Kdinappers Abduct 18 passengers,attack,Eruwa-Igboora,Eye Witness,1,https://www.premiumtimesng.com/regional/ssouth-west/456859-just-in-gunmen-abduct-18-passengers-in-oyo.html,\N,\N,Sources: Premium Times,Secondary,1,2026-01-25 11:22:30,2026-01-25 11:22:30,\N
519,2021-04-22,8,1,5,30,610,Ogheghe,0,0,\N,0,0,1,0,0,\N,0,0,\N,No,0,0,7,21,22,Bandits kill 1 civil defence officer,attack,\N,"Confirmed  by  Richard Ogbebor, the spokesperson of the civil defence corps in the state",1,https://www.premiumtimesng.com/news/top-news/456945-suspected-kidnappers-kill-civil-defence-officer-in-edo-official.html,\N,\N,Sources: Premium Times,Secondary,1,2026-01-25 11:22:30,2026-01-25 11:22:30,\N
520,2021-04-22,2,1,3,15,262,Chikun,0,0,1,0,0,\N,0,0,\N,0,0,23,No,0,0,2,4,22,Bandits kill 1 university staff and abduct 23 students,attack,\N,"Confirmed by  Samuel Aruwan, Commissioner, Ministry of Internal Security and Home Affairs",1,https://www.vanguardngr.com/2021/04/bandits-raid-varsity-kidnap-23-students-attack-army-base/,\N,\N,Sources: Vanguard,Secondary,1,2026-01-25 11:22:30,2026-01-25 11:22:30,\N
521,2021-04-23,9,1,2,9,166,Oke-Onigbin,0,0,\N,0,0,\N,0,0,\N,0,0,1,No,0,0,14,4,22,Kidnappers abduct 1,attack,\N,Eye Witness,1,https://www.vanguardngr.com/2021/04/businessman-kidnapped-in-kwara-by-7-suspected-fulani-herdsmen/,\N,\N,Sources: Vanguard,Secondary,1,2026-01-25 11:22:30,2026-01-25 11:22:30,\N
522,2021-04-23,9,1,6,32,642,Unknown,0,0,\N,0,0,\N,0,0,\N,0,0,1,No,0,0,14,4,22,Kidnappers abduct APC chieftain,attack,Ilawe-Erinjiyan,"Confirmed by Ekiti Police spokesman, Sunday Abutu",1,https://thenationonlineng.net/gunmen-kidnap-apc-chieftain-in-ekiti/amp/,\N,\N,Sources: The Nation,Secondary,1,2026-01-25 11:22:30,2026-01-25 11:22:30,\N
523,2021-04-24,8,1,4,22,444,Dunokofia,0,0,\N,0,0,2,0,0,\N,0,0,\N,No,0,0,7,21,22,Bandits attack police station kill 2,attack,\N,Eye Witness,1,https://www.premiumtimesng.com/news/top-news/457324-four-policemen-killed-as-gunmen-attack-police-formations-across-nigeria.html,\N,\N,Sources: Premium Times,Secondary,1,2026-01-25 11:22:30,2026-01-25 11:22:30,\N
524,2021-04-24,8,1,4,25,509,Omuma,0,0,\N,0,0,2,0,0,\N,0,0,\N,No,0,0,7,21,22,Bandits kill 2 security operatives attached to imo governors house,attack,\N,"Confirmed by the commissioner for information in imo state, Declan Emelumba",1,https://www.channelstv.com/2021/04/24/gunmen-attack-governor-uzodinmas-house-in-imo/,\N,\N,Sources: channelstv,Secondary,1,2026-01-25 11:22:30,2026-01-25 11:22:30,\N
525,2021-04-24,2,1,3,15,262,Kwanan Bature,0,0,3,0,0,\N,0,0,\N,0,0,\N,No,0,0,2,4,22,Bandits kill 3 kidnapped green field students,attack,\N,"Confirmed by  Samuel Aruwan, Commissioner, Ministry of Internal Security and Home Affairs",1,https://guardian.ng/news/bandits-kill-three-kidnapped-greenfield-university-students-in-kaduna/,\N,\N,Sources: The Guardian,Secondary,1,2026-01-25 11:22:30,2026-01-25 11:22:30,\N
526,2021-04-24,9,1,3,17,334,Ungwar Bawa,0,0,\N,0,0,\N,0,0,\N,0,0,5,No,0,0,14,4,22,Kidnappers abduct 5 men,attack,\N,Eye Witness,1,http://saharareporters.com/2021/04/24/breaking-bandits-abduct-20-women-attending-naming-ceremony-katsina,\N,\N,Sources: Saharareporters,Secondary,1,2026-01-25 11:22:30,2026-01-25 11:22:30,\N
527,2021-04-24,9,1,3,17,334,Gidan Bido,0,0,\N,0,0,\N,0,0,\N,0,0,20,No,0,0,14,4,22,"Kidnappers abduct 20 women , 5 men",attack,\N,Eye Witness,1,http://saharareporters.com/2021/04/24/breaking-bandits-abduct-20-women-attending-naming-ceremony-katsina,\N,\N,Sources: Saharareporters,Secondary,1,2026-01-25 11:22:30,2026-01-25 11:22:30,\N
528,2021-04-24,11,1,4,25,509,Awomamma,0,0,7,0,0,\N,0,0,\N,0,0,\N,No,0,0,21,12,22,Security operatives kill 1 ESN commander and 6 others,attack,\N,Eye Witness,1,https://www.vanguardngr.com/2021/04/breaking-we-have-killed-commander-of-insurgents-police-sources-claim-graphic/,\N,\N,Sources: Vanguard,Secondary,1,2026-01-25 11:22:30,2026-01-25 11:22:30,\N
529,2021-04-25,6,1,2,7,118,Guma,0,0,17,0,0,\N,0,0,\N,0,0,\N,No,0,0,8,4,22,Herders kill 17,attack,\N,Eye Witness,1,https://punchng.com/28-killed-in-fresh-suspected-herdsmen-attacks-on-benue-nasarawa-communities/,\N,\N,Sources: Punch,Secondary,1,2026-01-25 11:22:30,2026-01-25 11:22:30,\N
530,2021-04-25,6,1,2,10,175,Ajimaka,0,0,11,0,0,\N,0,0,\N,0,0,\N,No,0,0,8,4,22,Herders kill 11,attack,\N,Eye Witness,1,https://punchng.com/28-killed-in-fresh-suspected-herdsmen-attacks-on-benue-nasarawa-communities/,\N,\N,Sources: Punch,Secondary,1,2026-01-25 11:22:30,2026-01-25 11:22:30,\N
531,2021-04-25,2,1,3,15,262,Manani Tasha,0,0,1,0,0,\N,0,0,\N,0,0,5,No,0,0,2,4,22,Bandits kill Medical Doctor,attack,\N,Eye Witness,1,https://www.vanguardngr.com/2021/04/bandits-kill-medical-doctor-abduct-worshippers-in-kaduna-church/,\N,\N,Sources: Vanguard | Other: https://www.google.com/url?rct=j&sa=t&url=https://www.thisdaylive.com/index.php/2021/04/25/bandits-invade-church-kill-one-abduct-five-in-kaduna/&ct=ga&cd=CAEYCSoTNjI1MTg5MjI3MDAyNDE5NzgyNTIaY2YzMTBmMGM1ODUzM2MzYTpjb206ZW46VVM&usg=AFQjCNFZ6sSKMrV1VVgG1mKM6s7j6LD9cA,Secondary,1,2026-01-25 11:22:30,2026-01-25 11:22:30,\N
532,2021-04-25,12,1,1,6,101,Geidam,0,0,2,0,0,\N,0,0,\N,0,0,\N,No,0,0,3,4,22,Boko Haram Kill 2,attack,\N,"Confirmed by the Honourable Chairman of Geidam  LGA, Yobe, Hon Ali Kolo",1,https://www.vanguardngr.com/2021/04/boko-haram-reigns-terror-in-geidam-72hrs-on-slaughters-residents/,\N,\N,Sources: Vanguard,Secondary,1,2026-01-25 11:22:30,2026-01-25 11:22:30,\N
533,2021-04-26,8,1,6,37,764,Ajaawa,0,0,\N,0,0,\N,0,0,\N,0,0,9,No,0,0,7,4,22,Gunmen abduct 9,attack,\N,"Confirmed by Oyo State Police Public Relations Officer, DSP Adewale Osifeso",1,https://www.vanguardngr.com/2021/04/bandits-kidnap-nursing-mother-eight-others-in-oyo/,\N,\N,Sources: Vanguard,Secondary,1,2026-01-25 11:22:30,2026-01-25 11:22:30,\N
534,2021-04-26,2,1,3,18,377,Makuku,0,0,2,0,0,9,0,0,\N,0,0,\N,No,0,0,2,21,11,"'Bandits kill 9 police, 2 vigilante\'s', 'attack', NULL, 'Confirmed by the police spokesperson in Kebbi State Nafi’u Abubakar', '1', 'https://www.premiumtimesng.com/news/headlines/457695-bandits-kill-nine-police-officers-two-vigilante-members-in-kebbi-official.html', NULL, NULL, 'Sources: Premium Times', 'Secondary', 1, '2026-01-25 11:22:30', '2026-01-25 11:22:30', NULL),
(535, '2021-04-26', 2, 1, 3, 17, 358, 'Sayau Malamai', 0, 0, 1, 0, 0, NULL, 0, 0, NULL, 0, 0, NULL, 'No', 0, 0, 2, 4, 22, 'Bandits kill 1 in katsina community', 'attack', NULL, 'Eye Witness', '1', 'https://www.vanguardngr.com/2021/04/bandits-kill-six-in-3-katsina-communities/', NULL, NULL, 'Sources: Vanguard', 'Secondary', 1, '2026-01-25 11:22:30', '2026-01-25 11:22:30', NULL),
(536, '2021-04-26', 2, 1, 3, 17, 358, 'Unguwa Nakaba', 0, 0, 1, 0, 0, NULL, 0, 0, NULL, 0, 0, NULL, 'No', 0, 0, 2, 4, 22, 'Bandits kill 1 in katsina community', 'attack', NULL, 'Eye Witness', '1', 'https://www.vanguardngr.com/2021/04/bandits-kill-six-in-3-katsina-communities/', NULL, NULL, 'Sources: Vanguard', 'Secondary', 1, '2026-01-25 11:22:30', '2026-01-25 11:22:30', NULL),
(537, '2021-04-26', 2, 1, 3, 17, 358, 'Sayau Kasuwa', 0, 0, 4, 0, 0, NULL, 0, 0, NULL, 0, 0, NULL, 'No', 0, 0, 2, 4, 22, 'Bandits kill 4 in katsina community', 'attack', NULL, 'Eye Witness', '1', 'https://www.vanguardngr.com/2021/04/bandits-kill-six-in-3-katsina-communities/', NULL, NULL, 'Sources: Vanguard', 'Secondary', 1, '2026-01-25 11:22:30', '2026-01-25 11:22:30', NULL),
(538, '2021-04-26', 2, 1, 3, 15, 283, 'Kofar Kuyambana', 0, 0, NULL, 0, 0, NULL, 0, 0, NULL, 0, 0, 2, 'No', 0, 0, 2, 4, 22, 'Bandits abduct 2', 'attack', NULL, 'Confirmed by kaduna State Police Public Relations Officer","Mohammed Jalige', '1', 'https://punchng.com/bandits-invade-kaduna-estate-abduct-housewives/', NULL, NULL, 'Sources: Punch', 'Secondary', 1, '2026-01-25 11:22:30', '2026-01-25 11:22:30', NULL),
(539, '2021-04-26', 12, 1, 1, 3, 55, 'Mainok', 0, 0, NULL, 0, 0, 30, 0, 0, NULL, 0, 0, NULL, 'No', 0, 0, 10, 21, 22, 'ISWAP kill 30 Soldiers', 'armed clash', NULL, 'Eye Witness', '1', 'https://www.reuters.com/world/africa/more-than-30-nigerian-soldiers-killed-militant-attack-sources-2021-04-26/', NULL, NULL, 'Sources: Reuters', 'Secondary', 1, '2026-01-25 11:22:30', '2026-01-25 11:22:30', NULL),
(540, '2021-04-28', 2, 1, 2, 7, 121, 'Tomatar Imande Ukusuu', 0, 0, 2, 0, 0, NULL, 0, 0, NULL, 0, 0, NULL, 'No', 0, 0, 21, 2, 22, 'Police kill 2 bandits in Benue', 'armed clash', NULL, 'Confirmed by the spokesperson of the police command in Benue state","DSP Catherine Anene', '1', 'https://www.premiumtimesng.com/news/top-news/458282-police-kill-two-bandits-in-benue-official.html', NULL, NULL, 'Sources: Premium Times', 'Secondary', 1, '2026-01-25 11:22:30', '2026-01-25 11:22:30', NULL),
(541, '2021-04-28', 6, 1, 2, 7, 125, 'Mbatoho Chile', 0, 0, 7, 0, 0, NULL, 0, 0, NULL, 0, 0, NULL, 'No', 0, 0, 8, 23, 22, 'Bandits  kill 7', 'attack', NULL, 'Confirmed by the spokesperson of the police command in Benue state","DSP Catherine Anene', '1', 'https://dailytrust.com/7-killed-several-wounded-in-attack-on-benue-idps-camp', NULL, NULL, 'Sources: Daily trust', 'Secondary', 1, '2026-01-25 11:22:30', '2026-01-25 11:22:30', NULL),
(542, '2021-04-29', 6, 1, 2, 10, 177, 'Doshima', 0, 0, 3, 0, 0, NULL, 0, 0, NULL, 0, 0, NULL, 'No', 0, 0, 8, 23, 22, 'Herders kill 3 farmers in Nasarawa', 'attack', NULL, 'Eye Witness', '1', 'https://punchng.com/death-toll-hits-14-as-suspected-herdsmen-kill-three-in-nasarawa/', NULL, NULL, 'Sources: Punch', 'Secondary', 1, '2026-01-25 11:22:30', '2026-01-25 11:22:30', NULL),
(543, '2021-04-29', 6, 1, 2, 7, 118, 'Mbabai', 0, 0, 2, 0, 0, NULL, 0, 0, NULL, 0, 0, NULL, 'No', 0, 0, 8, 23, 22, 'Herders kill 2 farmers in Benue', 'attack', NULL, 'Confirmed by the Security Adviser to the Governor on Security","retired Col. Paul Hemba', '1', 'https://punchng.com/again-herdsmen-strike-in-benue-kill-couple-returning-from-farm/', NULL, NULL, 'Sources: Punch', 'Secondary', 1, '2026-01-25 11:22:30', '2026-01-25 11:22:30', NULL),
(544, '2021-04-30', 8, 1, 2, 12, 211, 'Barkin Ladi', 0, 0, NULL, 0, 0, NULL, 0, 0, NULL, 0, 0, 2, 'No', 0, 0, 7, 4, 22, 'Gunmen abduct two students in Plateau', 'attack', NULL, 'Confirmed by the Spokesman of Plateau State Police Command","ASP Ubah Ogaba', '1', 'https://guardian.ng/news/gunmen-abduct-two-students-in-plateau/', NULL, NULL, 'Sources: The Guardian', 'Secondary', 1, '2026-01-25 11:22:30', '2026-01-25 11:22:30', NULL),
(545, '2021-05-01', 8, 1, 5, 26, 526, 'Ikono', 0, 0, NULL, 0, 0, 1, 0, 0, 1, 0, 0, NULL, 'No', 0, 0, 7, 21, 22, 'Gunmen kill 2 police officer","injure 1', 'attack', NULL, 'Confirmed by the Chairman of Ikono council","Nyakno Okoibu', '1', 'https://www.premiumtimesng.com/news/headlines/458846-breaking-gunmen-kill-two-police-officers-in-fresh-attack-in-akwa-ibom.html', NULL, NULL, 'Sources: Premium Times', 'Secondary', 1, '2026-01-25 11:22:30', '2026-01-25 11:22:30', NULL),
(546, '2021-05-01', 2, 1, 2, 11, 205, 'Tegina', 0, 0, 2, 0, 0, NULL, 0, 0, NULL, 0, 0, 1, 'No', 0, 0, 2, 4, 22, 'Bandits kill 2","abduct 1', 'attack', NULL, 'Eye Witness', '1', 'https://www.thisdaylive.com/index.php/2021/05/01/bandits-kill-2-kidnap-niger-lawmakers-mother/', NULL, NULL, 'Sources: Thisday', 'Secondary', 1, '2026-01-25 11:22:30', '2026-01-25 11:22:30', NULL),
(547, '2021-05-02', 2, 1, 2, 9, 160, 'Eruku', 0, 0, 2, 0, 0, NULL, 0, 0, NULL, 0, 0, 2, 'No', 0, 0, 7, 4, 22, 'Gunmen kill 1 commissioner","abduct 1', 'attack', NULL, 'Confirmed by Spokesman of the state police command","DSP William Aya', '1', 'https://guardian.ng/news/gunmen-kill-kogi-commissioner-abduct-lg-chairman/', NULL, NULL, 'Sources: The Guardian', 'Secondary', 1, '2026-01-25 11:22:30', '2026-01-25 11:22:30', NULL),
(548, '2021-05-03', 5, 1, 4, 25, 512, 'Akwakuma', 0, 0, 1, 0, 0, NULL, 0, 0, NULL, 0, 0, NULL, 'No', 0, 0, 21, 4, 22, 'Soldiers kill businessman in owerri', 'attack', NULL, 'Eye Witness', '1', 'https://thenationonlineng.net/soldiers-allegedly-kill-businessman-in-imo/', NULL, NULL, 'Sources: The Nation', 'Secondary', 1, '2026-01-25 11:22:30', '2026-01-25 11:22:30', NULL),
(549, '2021-05-03', 6, 1, 2, 7, 120, 'Mbachon', 0, 0, 2, 0, 0, NULL, 0, 0, NULL, 0, 0, NULL, 'No', 0, 0, 8, 4, 22, 'Herders kill 2 in Benue community', 'attack', NULL, 'Confirmed by the Chairman of Gwer West LGA","Mrs Grace Igbabon', '1', 'https://punchng.com/again-suspected-herdsmen-attack-benue-communities-kill-19/', NULL, NULL, 'Sources: Punch', 'Secondary', 1, '2026-01-25 11:22:30', '2026-01-25 11:22:30', NULL),
(550, '2021-05-03', 6, 1, 2, 7, 120, 'Mbamodu', 0, 0, 13, 0, 0, NULL, 0, 0, NULL, 0, 0, NULL, 'No', 0, 0, 8, 4, 22, 'Herders kill 12 in Benue community', 'attack', NULL, 'Confirmed by the Chairman of Gwer West LGA","Mrs Grace Igbabon', '1', 'https://punchng.com/again-suspected-herdsmen-attack-benue-communities-kill-19/', NULL, NULL, 'Sources: Punch', 'Secondary', 1, '2026-01-25 11:22:30', '2026-01-25 11:22:30', NULL),
(551, '2021-05-03', 6, 1, 2, 7, 120, 'Unknown', 0, 0, 4, 0, 0, NULL, 0, 0, NULL, 0, 0, NULL, 'No', 0, 0, 8, 4, 22, 'Herders kill 4 in Benue community', 'attack', 'Naka/Makurdi', 'Confirmed by the Chairman of Gwer West LGA","Mrs Grace Igbabon', '1', 'https://punchng.com/again-suspected-herdsmen-attack-benue-communities-kill-19/', NULL, NULL, 'Sources: Punch', 'Secondary', 1, '2026-01-25 11:22:30', '2026-01-25 11:22:30', NULL),
(552, '2021-05-04', 12, 1, 1, 3, 60, 'Ajiri', 0, 0, 6, 0, 0, 7, 0, 0, NULL, 0, 0, NULL, 'No', 0, 0, 10, 21, 4, 'ISWAP kill  7 soldiers","6 civilians', 'attack', NULL, 'Eye Witness', '1', 'https://www.reuters.com/world/africa/more-than-dozen-people-killed-by-islamist-militants-northeast-nigeria-sources-2021-05-03/', NULL, NULL, 'Sources: Reuters', 'Secondary', 1, '2026-01-25 11:22:30', '2026-01-25 11:22:30', NULL),
(553, '2021-05-04', 9, 1, 6, 37, 754, 'Idiyan', 0, 0, NULL, 0, 0, NULL, 0, 0, NULL, 0, 0, 2, 'No', 0, 0, 14, 4, 22, 'Kidnappers abduct 3 in Oyo', 'attack', NULL, 'Eye Witness', '1', 'https://www.premiumtimesng.com/news/top-news/459275-gunmen-kidnap-three-people-in-oyo-demand-n10-million-ransom.html', NULL, NULL, 'Sources: Premium Times', 'Secondary', 1, '2026-01-25 11:22:30', '2026-01-25 11:22:30', NULL),
(554, '2021-05-05', 2, 1, 3, 15, 262, 'Buruku', 0, 0, 1, 0, 0, NULL, 0, 0, 3, 0, 0, NULL, 'No', 0, 0, 2, 4, 22, 'Bandits kill 1","injure 3', 'attack', NULL, 'Confirmed by the The Commissioner for Internal Security and Home Affairs in Kaduna","Samuel Aruwan', '1', 'https://www.premiumtimesng.com/news/headlines/459504-bandits-attack-kaduna-communities-kill-two-commissioner.html', NULL, NULL, 'Sources: Premium Times', 'Secondary', 1, '2026-01-25 11:22:30', '2026-01-25 11:22:30', NULL),
(555, '2021-05-05', 9, 1, 2, 12, 215, 'Furaka', 0, 0, NULL, 0, 0, NULL, 0, 0, NULL, 0, 0, 2, 'No', 0, 0, 14, 4, 22, 'Kidnappers abduct 2 in Jos', 'attack', NULL, 'Confirmed by the spokesman of  plateaustate Police Command","Ubah Ogaba', '1', 'https://punchng.com/gunmen-kidnap-hospital-owner-nursing-mother-in-plateau/', NULL, NULL, 'Sources: Punch', 'Secondary', 1, '2026-01-25 11:22:30', '2026-01-25 11:22:30', NULL),
(556, '2021-05-05', 2, 1, 3, 15, 272, 'Doka', 0, 0, 1, 0, 0, NULL, 0, 0, 3, 0, 0, NULL, 'No', 0, 0, 2, 4, 22, 'Bandits kill 1","injure 3', 'attack', NULL, 'Confirmed by the The Commissioner for Internal Security and Home Affairs in Kaduna","Samuel Aruwan', '1', 'https://www.premiumtimesng.com/news/headlines/459504-bandits-attack-kaduna-communities-kill-two-commissioner.html', NULL, NULL, 'Sources: Premium Times', 'Secondary', 1, '2026-01-25 11:22:30', '2026-01-25 11:22:30', NULL),
(557, '2021-05-06', 8, 1, 4, 23, 468, 'Obiozara', 0, 0, NULL, 0, 0, 1, 0, 0, NULL, 0, 0, NULL, 'No', 0, 0, 7, 21, 22, 'Gunmen kill 1 police offcer', 'attack', NULL, 'Confirmed by Ebonyi State Police spokesman","Loveth Odah', '1', 'https://www.vanguardngr.com/2021/05/unknown-gunmen-attack-another-police-station-in-ebonyi-kill-policeman/', NULL, NULL, 'Sources: Vanguard', 'Secondary', 1, '2026-01-25 11:22:30', '2026-01-25 11:22:30', NULL),
(558, '2021-05-06', 9, 1, 4, 25, 506, 'Okigwe', 0, 0, NULL, 0, 0, NULL, 0, 0, NULL, 0, 0, NULL, 'No', 0, 0, 14, 4, 22, 'Kidnappers abduct Absu students', 'attack', NULL, 'Confirmed by the Abia State Commissioner for Information","Chief John Okiyi Kalu', '1', 'https://www.vanguardngr.com/2021/05/breaking-gunmen-abduct-unspecified-number-of-abia-varsity-students/', NULL, NULL, 'Sources: Vanguard', 'Secondary', 1, '2026-01-25 11:22:30', '2026-01-25 11:22:30', NULL),
(559, '2021-05-06', 9, 1, 6, 34, 674, 'Olubo', 0, 0, NULL, 0, 0, NULL, 0, 0, NULL, 0, 0, 4, 'No', 0, 0, 14, 4, 22, 'Kdinappers abduct 4 passengers in Ogun', 'attack', NULL, 'Confirmed by the Assistant Commissioner of Police in charge of Operations",Ogun State Police Command,"Bolanle Muritala', '1', 'https://guardian.ng/news/gunmen-abduct-four-in-ogun/', NULL, NULL, 'Sources: The Guardian', 'Secondary', 1, '2026-01-25 11:22:30', '2026-01-25 11:22:30', NULL),
(560, '2021-05-07', 7, 1, 2, 13, 229, 'Utako', 0, 0, NULL, 0, 0, 1, 0, 0, NULL, 0, 0, NULL, 'No', 0, 0, 26, 21, 22, 'Hoodlum  kill police officer', 'attack', NULL, 'Confirmed by ASP Mariam Yusuf","Abuja Public Relations Officer', '1', 'https://dailypost.ng/2021/05/07/breaking-policeman-killed-as-shiites-attack-abuja-residents-49-arrested/', NULL, NULL, 'Sources: Daily post', 'Secondary', 1, '2026-01-25 11:22:30', '2026-01-25 11:22:30', NULL),
(561, '2021-05-07', 3, 1, 6, 36, 813, 'Ile-Ogbo', 0, 0, NULL, 0, 0, 1, 0, 0, NULL, 0, 0, NULL, 'No', 0, 0, 11, 21, 22, 'Palace guard misses target","kills police officer', 'armed clash', NULL, 'Confirmed by Osun State Police spokesperson","Yemisi Opalola', '1', 'https://www.vanguardngr.com/2021/05/policeman-killed-as-iwo-ile-ogbo-clash-over-land/', NULL, NULL, 'Sources: Vanguard', 'Secondary', 1, '2026-01-25 11:22:30', '2026-01-25 11:22:30', NULL),
(562, '2021-05-09', 8, 1, 5, 26, 529, 'Odoro Ikpe', 0, 0, NULL, 0, 0, 5, 0, 0, NULL, 0, 0, NULL, 'No', 0, 0, 7, 21, 22, 'Gunmen kill 5 police officers', 'attack', NULL, 'Confirmed by the Akwa Ibom State Police Public Relations Officer",PRO,"Mr. Odiko MacDon', '1', 'https://www.vanguardngr.com/2021/05/gunmen-on-the-rampage-12-policemen-killed-in-24hrs-in-akwa-ibom-rivers/', NULL, NULL, 'Sources: Vanguard', 'Secondary', 1, '2026-01-25 11:22:30', '2026-01-25 11:22:30', NULL),
(563, '2021-05-09', 8, 1, 5, 31, 814, 'Elimgbu', 0, 0, NULL, 0, 0, 3, 0, 0, NULL, 0, 0, NULL, 'No', 0, 0, 7, 21, 22, 'Gunmen kill 3 police officers in Rivers State', 'attack', NULL, 'Confirmed by the State Police Public Relations Officer","Nnamdi Omoni', '1', 'https://thenationonlineng.net/12-policemen-killed-as-gunmen-attack-four-stations-in-rivers-akwa-ibom/', NULL, NULL, 'Sources: The Nation', 'Secondary', 1, '2026-01-25 11:22:30', '2026-01-25 11:22:30', NULL),
(564, '2021-05-09', 8, 1, 5, 31, 814, 'Choba', 0, 0, NULL, 0, 0, 2, 0, 0, NULL, 0, 0, NULL, 'No', 0, 0, 7, 21, 22, 'Gunmen kill 2 police officers in Rivers State', 'attack', NULL, 'Confirmed by the State Police Public Relations Officer","Nnamdi Omoni', '1', 'https://thenationonlineng.net/12-policemen-killed-as-gunmen-attack-four-stations-in-rivers-akwa-ibom/', NULL, NULL, 'Sources: The Nation', 'Secondary', 1, '2026-01-25 11:22:30', '2026-01-25 11:22:30', NULL),
(565, '2021-05-09', 8, 1, 5, 31, 624, 'Rumuji', 0, 0, NULL, 0, 0, 2, 0, 0, NULL, 0, 0, NULL, 'No', 0, 0, 7, 21, 22, 'Gunmen kill 2 police officers in Rivers State', 'attack', NULL, 'Confirmed by the State Police Public Relations Officer","Nnamdi Omoni', '1', 'https://thenationonlineng.net/12-policemen-killed-as-gunmen-attack-four-stations-in-rivers-akwa-ibom/', NULL, NULL, 'Sources: The Nation', 'Secondary', 1, '2026-01-25 11:22:30', '2026-01-25 11:22:30', NULL),
(566, '2021-05-09', 8, 1, 5, 31, 814, 'Elimgbu', 0, 0, NULL, 0, 0, 3, 0, 0, NULL, 0, 0, NULL, 'No', 0, 0, 7, 21, 22, 'Gunmen kill 3 police officers', 'attack', NULL, 'Confirmed by the the State Police Public Relations Officer","Nnamdi Omoni', '1', 'https://thenationonlineng.net/12-policemen-killed-as-gunmen-attack-four-stations-in-rivers-akwa-ibom/', NULL, NULL, 'Sources: The Nation', 'Secondary', 1, '2026-01-25 11:22:30', '2026-01-25 11:22:30', NULL),
(567, '2021-05-09', 8, 1, 4, 25, 507, 'Orlu', 0, 0, 9, 0, 0, 1, 0, 0, NULL, 0, 0, NULL, 'No', 0, 0, 7, 21, 22, 'Stray bullet kill NSCDC officer","Joint Security team kill 9 hoodlums', 'attack', NULL, 'Confirmed by the Imo State Commissioner of Police","Abutu Yaro', '1', 'https://guardian.ng/news/nigeria/national/stray-bullet-kills-nscdcs-female-officer-in-orlu/', NULL, NULL, 'Sources: The Guardian', 'Secondary', 1, '2026-01-25 11:22:30', '2026-01-25 11:22:30', NULL),
(568, '2021-05-09', 6, 1, 6, 36, 802, 'Oyan', 0, 0, NULL, 0, 0, NULL, 0, 0, 2, 0, 0, NULL, 'No', 0, 0, 8, 4, 22, 'Herders attack farmers","injure 2', 'attack', NULL, 'Eye Witness', '1', 'https://thenationonlineng.net/herdsmen-injure-two-destroy-farmlands-in-kwara-boundary/', NULL, NULL, 'Sources: The Nation', 'Secondary', 1, '2026-01-25 11:22:30', '2026-01-25 11:22:30', NULL),
(569, '2021-05-09', 2, 1, 3, 15, 807, 'Golkofa', 0, 0, 3, 0, 0, NULL, 0, 0, 1, 0, 0, NULL, 'No', 0, 0, 2, 4, 22, 'Bandits kill former officer","wife and sons wife', 'attack', NULL, 'Confirmed by  Samuel Aruwan",Commissioner,"Ministry of Internal Security and Home Affairs', '1', 'https://www.thecable.ng/retired-soldier-wife-daughter-in-law-killed-by-bandits-in-kaduna', NULL, NULL, 'Sources: Leadership | Other: https://leadership.ng/bandits-kill-ex-soldier-wife-daughter-in-law-in-kaduna-village/', 'Secondary', 1, '2026-01-25 11:22:30', '2026-01-25 11:22:30', NULL),
(570, '2021-05-10', 2, 1, 3, 17, 359, 'Tsatskiya', 0, 0, 10, 0, 0, NULL, 0, 0, NULL, 0, 0, NULL, 'No', 0, 0, 2, 4, 22, 'Mob kill 2 bandits","Bandits kill 8 civilians', 'attack', NULL, 'Confirmed by  Katsina police spokesperson","Gambo Isah', '1', 'https://guardian.ng/news/bandits-strange-disease-kill-20-in-katsina-kano/', NULL, NULL, 'Sources: The Guardian', 'Secondary', 1, '2026-01-25 11:22:30', '2026-01-25 11:22:30', NULL),
(571, '2021-05-10', 5, 1, 3, 15, 268, 'Kajuru', 0, 0, 2, 0, 0, NULL, 0, 0, NULL, 0, 0, NULL, 'No', 0, 0, 27, 27, 22, 'Man stabs 1","mob kills man', 'attack', NULL, 'Confirmed by  Internal Security and Home Affairs Commissioner Samuel Aruwan', '1', 'https://www.sunnewsonline.com/monarchs-wife-daughter-in-law-3-others-killed-in-kaduna/', NULL, NULL, 'Sources: The Sun | Other: https://www.premiumtimesng.com/news/top-news/460522-insecurity-five-killed-in-kaduna-one-missing-official.html', 'Secondary', 1, '2026-01-25 11:22:30', '2026-01-25 11:22:30', NULL),
(572, '2021-05-10', 9, 1, 3, 17, 343, 'Jibia', 0, 0, NULL, 0, 0, NULL, 0, 0, NULL, 0, 0, 40, 'No', 0, 0, 14, 4, 22, 'Kidnappers abduct 40 people in mosque', 'attack', NULL, 'Confirmed by Police spokesman in Katsina","SP Gambo', '1', 'https://dailytrust.com/breaking-bandits-break-into-katsina-mosque-abduct-40-worshippers', NULL, NULL, 'Sources: Daily trust', 'Secondary', 1, '2026-01-25 11:22:30', '2026-01-25 11:22:30', NULL),
(573, '2021-05-10', 8, 1, 5, 26, 519, 'Ukana', 0, 0, NULL, 0, 0, 1, 0, 0, NULL, 0, 0, NULL, 'No', 0, 0, 7, 21, 22, 'Gunmen kill police officer in Akwa Ibom', 'attack', NULL, 'Confirmed by  the police spokesperson in Akwa Ibom  State",Odiko MacDon,"', '1', 'https://www.premiumtimesng.com/news/top-news/460622-gunmen-kill-police-officer-in-akwa-ibom.html?utm_source=dlvr.it&utm_medium=twitter', NULL, NULL, 'Sources: Premium Times', 'Secondary', 1, '2026-01-25 11:22:30', '2026-01-25 11:22:30', NULL),
(574, '2021-05-10', 9, 1, 5, 29, 577, 'Oghara', 0, 0, 3, 0, 0, NULL, 0, 0, NULL, 0, 0, NULL, 'No', 0, 0, 14, 4, 22, 'Mob kill 3 suspected kidnappers', 'attack', NULL, 'Confirmed by the Delta State Police Public Relations Officer","Mr. Bright Edafe', '1', 'https://www.vanguardngr.com/2021/05/3-suspected-kidnappers-beaten-to-death-in-delta/', NULL, NULL, 'Sources: Vanguard', 'Secondary', 1, '2026-01-25 11:22:30', '2026-01-25 11:22:30', NULL),
(575, '2021-05-11', 9, 1, 6, 35, 699, 'Shagari', 0, 0, NULL, 0, 0, NULL, 0, 0, NULL, 0, 0, 1, 'No', 0, 0, 14, 4, 22, 'Kidnappers abduct 1 clergy in Ondo', 'attack', NULL, 'Confirmed by Tee-Leo lkoro","Ondo state police spokesperson', '1', 'https://www.vanguardngr.com/2021/05/breaking-gunmen-kidnap-pastor-inside-church-in-ondo/', NULL, NULL, 'Sources: Vanguard', 'Secondary', 1, '2026-01-25 11:22:30', '2026-01-25 11:22:30', NULL),
(576, '2021-05-11', 12, 1, 1, 3, 62, 'Jiddari Polo', 0, 0, NULL, 0, 0, NULL, 0, 0, NULL, 0, 0, NULL, 'No', 0, 0, 21, 3, 22, 'Combined security forces kill 9 insurgents', 'attack', NULL, 'Confirmed by the Army spokesperson",Mohammed Yerima,"', '1', 'https://www.premiumtimesng.com/news/top-news/461133-nine-terrorists-killed-in-foiled-attack-on-maiduguri-nigerian-army.html', NULL, NULL, 'Sources: Premium Times', 'Secondary', 1, '2026-01-25 11:22:30', '2026-01-25 11:22:30', NULL),
(577, '2021-05-11', 9, 1, 5, 30, 614, 'Ahor', 0, 0, 3, 0, 0, NULL, 0, 0, NULL, 0, 0, NULL, 'No', 0, 0, 21, 14, 22, 'Police kill 3 kidnappers in Edo', 'attack', NULL, 'Confirmed by Phillip Ogbadu","the commissioner of police in Edo', '1', 'https://www.premiumtimesng.com/news/headlines/460804-police-engage-kidnappers-in-another-gun-battle-kill-three-rescue-seven-victims-official.html', NULL, NULL, 'Sources: Premium Times', 'Secondary', 1, '2026-01-25 11:22:30', '2026-01-25 11:22:30', NULL),
(578, '2021-05-12', 8, 1, 6, 36, 724, 'Modakeke', 0, 0, 2, 0, 0, NULL, 0, 0, NULL, 0, 0, NULL, 'No', 0, 0, 7, 4, 22, 'Gunmen kill 2 villagers', 'attack', NULL, 'Confirmed by the spokesperson for the Osun State Police Command","Yemisi Opalola', '1', 'https://punchng.com/youths-storm-osun-palace-with-two-men-killed-by-gunmen/?amp', NULL, NULL, 'Sources: Punch', 'Secondary', 1, '2026-01-25 11:22:30', '2026-01-25 11:22:30', NULL),
(579, '2021-05-12', 2, 1, 3, 18, 366, 'Tsamiya', 0, 0, NULL, 0, 0, 1, 0, 0, NULL, 0, 0, NULL, 'No', 0, 0, 2, 21, 22, 'Bandits kill 1 Supritendent of Police', 'armed clash', NULL, 'Confirmed by the Special Adviser to kebbi Governor on media","Yahaya Sarki', '1', 'https://dailytrust.com/police-officer-shot-by-bandits-dies-in-hospital', NULL, NULL, 'Sources: Daily trust', 'Secondary', 1, '2026-01-25 11:22:30', '2026-01-25 11:22:30', NULL),
(580, '2021-05-14', 8, 1, 6, 37, 757, 'Iseyin', 0, 0, 4, 0, 0, NULL, 0, 0, NULL, 0, 0, NULL, 'No', 0, 0, 21, 7, 22, 'Clash between NCS and smugglers lead to death of 4 civilians', 'armed clash', NULL, 'Eye Witness', '1', 'https://guardian.ng/news/four-killed-in-ncs-smugglers-clash-in-iseyin/', NULL, NULL, 'Sources: The Guardian', 'Secondary', 1, '2026-01-25 11:22:30', '2026-01-25 11:22:30', NULL),
(581, '2021-05-14', 4, 1, 5, 26, 815, 'Esit', 0, 0, 8, 0, 0, NULL, 0, 0, NULL, 0, 0, NULL, 'No', 0, 0, 24, 24, 22, '8 dies in clashs between cultists', 'attack', NULL, 'Confirmed by the Akwa Ibom State police spokesperson","Odiko MacDon', '1', 'https://www.premiumtimesng.com/news/top-news/461608-eight-people-killed-in-akwa-ibom-cult-clash-police.html', NULL, NULL, 'Sources: Premium Times', 'Secondary', 1, '2026-01-25 11:22:30', '2026-01-25 11:22:30', NULL),
(582, '2021-05-15', 7, 1, 6, 36, 816, 'Arologun', 0, 0, 2, 0, 0, NULL, 0, 0, NULL, 0, 0, NULL, 'No', 0, 0, 26, 4, 22, 'Hoodlums kill 2 while attacking soun community', 'attack', NULL, 'Confirmed by the police spokesperson in Osun State","SP Yemisi Opalola', '1', 'https://dailypost.ng/2021/05/15/two-killed-as-hoodlums-attack-osun-community/?amp', NULL, NULL, 'Sources: Daily post', 'Secondary', 1, '2026-01-25 11:22:30', '2026-01-25 11:22:30', NULL),
(583, '2021-05-16', 1, 1, 6, 35, 699, 'Unknown', 0, 0, NULL, 0, 0, NULL, 0, 0, NULL, 0, 0, NULL, 'No', 0, 0, 1, 4, 22, 'Robbers kill 1 at filling station', 'attack', 'Oda Road', 'Eye Witness', '1', 'https://www.sunnewsonline.com/one-feared-dead-as-gunmen-attack-filling-station-in-ondo/', NULL, NULL, 'Sources: The Sun', 'Secondary', 1, '2026-01-25 11:22:30', '2026-01-25 11:22:30', NULL),
(584, '2021-05-16', 8, 1, 5, 29, 573, 'Nsukwa', 0, 0, NULL, 0, 0, 2, 0, 0, NULL, 0, 0, NULL, 'No', 0, 0, 7, 21, 22, 'Gunmen kill 2 police officers', 'attack', NULL, 'Eye Witness', '1', 'https://www.sunnewsonline.com/just-in-dpo-2-sergeants-killed-as-gunmen-raze-police-station-in-delta/', NULL, NULL, 'Sources: The Sun', 'Secondary', 1, '2026-01-25 11:22:30', '2026-01-25 11:22:30', NULL),
(585, '2021-05-16', 6, 1, 2, 10, 177, 'Amudu', 0, 0, 3, 0, 0, NULL, 0, 0, NULL, 0, 0, NULL, 'No', 0, 0, 8, 4, 22, 'Herders kill catchist and two others', 'attack', NULL, 'Eye Witness', '1', 'https://dailytrust.com/gunmen-kill-cleric-two-others-in-nasarawa', NULL, NULL, 'Sources: Daily trust', 'Secondary', 1, '2026-01-25 11:22:30', '2026-01-25 11:22:30', NULL),
(586, '2021-05-17', 8, 1, 4, 21, 435, 'Ubakala', 0, 0, NULL, 0, 0, 2, 0, 0, NULL, 0, 0, NULL, 'No', 0, 0, 7, 21, 22, 'Gunmen kill two police officers', 'attack', NULL, 'Eye Witness', '1', 'https://dailypost.ng/2021/05/17/again-gunmen-attack-another-abia-police-station-kill-two-officers/', NULL, NULL, 'Sources: Daily post', 'Secondary', 1, '2026-01-25 11:22:30', '2026-01-25 11:22:30', NULL),
(587, '2021-05-17', 6, 1, 2, 7, 120, 'Tse Shishim', 0, 0, 4, 0, 0, NULL, 0, 0, NULL, 0, 0, 1, 'No', 0, 0, 8, 23, 22, 'Herders kill 4', 'attack', NULL, 'Confirmed by the security officer in charge of the Local Government","Mr. Fred Awarga', '1', 'https://www.vanguardngr.com/2021/05/another-four-killed-one-abducted-as-armed-herders-invade-benue-communities/', NULL, NULL, 'Sources: Vanguard', 'Secondary', 1, '2026-01-25 11:22:30', '2026-01-25 11:22:30', NULL),
(588, '2021-05-17', 6, 1, 2, 7, 118, 'Yelwata', 0, 0, 4, 0, 0, NULL, 0, 0, NULL, 0, 0, NULL, 'No', 0, 0, 8, 23, 22, 'Herders kill 3 farmers and accidental discharge claims 1', 'attack', NULL, 'Eye Witness', '1', 'https://guardian.ng/news/nigeria/herdsmen-kill-four-persons-in-benue/', NULL, NULL, 'Sources: The Guardian', 'Secondary', 1, '2026-01-25 11:22:30', '2026-01-25 11:22:30', NULL),
(589, '2021-05-18', 2, 1, 2, 11, 207, 'Shiroro', 0, 0, 12, 0, 0, NULL, 0, 0, NULL, 0, 0, NULL, 'No', 0, 0, 2, 2, 22, 'Bandits clash lead to 12 deaths', 'armed clash', NULL, 'Eye Witness', '1', 'https://www.vanguardngr.com/2021/05/bandits-open-fire-on-themselves-12-feared-dead-many-injured/', NULL, NULL, 'Sources: Vanguard', 'Secondary', 1, '2026-01-25 11:22:30', '2026-01-25 11:22:30', NULL),
(590, '2021-05-18', 2, 1, 2, 11, 199, 'Magama', 0, 0, 2, 0, 0, 3, 0, 0, NULL, 0, 0, NULL, 'No', 0, 0, 2, 21, 22, 'Bandits and soldiers clash. Three soldiers are killed. Two Bandits killed.', 'armed clash', NULL, 'Confirmed by the Governor of  Niger State","Abubakar Bello', '1', 'https://www.thecable.ng/three-soldiers-killed-in-niger-after-bandits-attack', NULL, NULL, 'Sources: cable', 'Secondary', 1, '2026-01-25 11:22:30', '2026-01-25 11:22:30', NULL),
(591, '2021-05-18', 2, 1, 3, 17, 359, 'Bauren Zakka', 0, 0, NULL, 0, 0, NULL, 0, 0, NULL, 0, 0, 1, 'No', 0, 0, 7, 4, 22, 'Gunmen kidnap 1', 'attack', NULL, 'Eye Witness', '1', 'https://www.vanguardngr.com/2021/05/gunmen-abduct-shariah-court-judge-in-katsina/', NULL, NULL, 'Sources: Vanguard', 'Secondary', 1, '2026-01-25 11:22:30', '2026-01-25 11:22:30', NULL),
(592, '2021-05-19', 2, 1, 3, 17, 330, 'Batsari', 0, 0, 1, 0, 0, NULL, 0, 0, NULL, 0, 0, 21, 'No', 0, 0, 2, 4, 22, 'Gunmen kill 1","abduct 21', 'attack', NULL, 'confirmed by  Katsina police spokesperson","Gambo Isah', '1', 'https://www.channelstv.com/2021/05/19/bandits-kill-one-abduct-21-others-in-fresh-katsina-attack/', NULL, NULL, 'Sources: channelstv', 'Secondary', 1, '2026-01-25 11:22:30', '2026-01-25 11:22:30', NULL),
(593, '2021-05-20', 7, 1, 6, 33, 817, 'Oshodi', 0, 0, NULL, 0, 0, 1, 0, 0, NULL, 0, 0, NULL, 'No', 0, 0, 26, 21, 22, 'One Naval officer dies during mob action - Suspected to be killed by hoodlums', 'attack', NULL, 'Confirmed by Muyiwa Adejobi","the Lagos State police spokesperson', '1', 'https://www.premiumtimesng.com/regional/ssouth-west/462750-unrest-in-oshodi-over-alleged-killing-of-air-force-personnel.html', NULL, NULL, 'Sources: Premium Times', 'Secondary', 1, '2026-01-25 11:22:30', '2026-01-25 11:22:30', NULL),
(594, '2021-05-21', 8, 1, 4, 21, 434, 'Mission Hill', 0, 0, 1, 0, 0, 1, 0, 0, NULL, 0, 0, NULL, 'No', 0, 0, 7, 21, 22, 'Gunmen kill 1 police orderly and driver', 'attack', NULL, 'Confirmed by the Police Public Relations Officer in Abia","SP Godfrey Ogbonna', '1', 'https://guardian.ng/news/armed-men-rob-expatriate-kill-orderly-driver-in-umuahia/', NULL, NULL, 'Sources: The Guardian', 'Secondary', 1, '2026-01-25 11:22:30', '2026-01-25 11:22:30', NULL),
(595, '2021-05-21', 2, 1, 3, 17, 352, 'Malumfashi', 0, 0, 1, 0, 0, NULL, 0, 0, NULL, 0, 0, 1, 'No', 0, 0, 2, 4, 22, 'Priest killed by bandits', 'attack', NULL, 'Confirmed by  Kastsina police spokesperson","Gambo Isah', '1', 'https://www.premiumtimesng.com/news/headlines/462886-just-in-bandits-kill-catholic-priest-abduct-another-in-nigeria.html', NULL, NULL, 'Sources: Premium Times', 'Secondary', 1, '2026-01-25 11:22:30', '2026-01-25 11:22:30', NULL),
(596, '2021-05-22', 2, 1, 3, 15, 264, 'Zangon Aya', 0, 0, 2, 0, 0, NULL, 0, 0, NULL, 0, 0, NULL, 'No', 0, 0, 2, 4, 22, 'Bandits kill 2 in Igabi', 'attack', NULL, 'Confirmed by the The Commissioner for Internal Security and Home Affairs in Kaduna","Samuel Aruwan', '1', 'https://www.vanguardngr.com/2021/05/bandits-kill-4-rustle-cattle-in-kaduna-communities/', NULL, NULL, 'Sources: Vanguard', 'Secondary', 1, '2026-01-25 11:22:30', '2026-01-25 11:22:30', NULL),
(597, '2021-05-22', 2, 1, 3, 15, 263, 'Giwa', 0, 0, 1, 0, 0, NULL, 0, 0, NULL, 0, 0, NULL, 'No', 0, 0, 2, 4, 22, 'Bandits kill 1 in Giwa', 'attack', NULL, 'Confirmed by the The Commissioner for Internal Security and Home Affairs in Kaduna","Samuel Aruwan', '1', 'https://www.vanguardngr.com/2021/05/bandits-kill-4-rustle-cattle-in-kaduna-communities/', NULL, NULL, 'Sources: Vanguard', 'Secondary', 1, '2026-01-25 11:22:30', '2026-01-25 11:22:30', NULL),
(598, '2021-05-22', 2, 1, 3, 15, 807, 'Jema\'A'",0,0,1,0,0,\N,0,0,\N,0,0,\N,No,0,0,2,4,22,"'Bandits kill 1 in Jema\'a', 'attack', NULL, 'Confirmed by the The Commissioner for Internal Security and Home Affairs in Kaduna","Samuel Aruwan', '1', 'https://www.vanguardngr.com/2021/05/bandits-kill-4-rustle-cattle-in-kaduna-communities/', NULL, NULL, 'Sources: Vanguard', 'Secondary', 1, '2026-01-25 11:22:30', '2026-01-25 11:22:30', NULL),
(599, '2021-05-22', 6, 1, 3, 20, 414, 'Damaga', 0, 0, 8, 0, 0, NULL, 0, 0, NULL, 0, 0, NULL, 'No', 0, 0, 8, 23, 22, 'Herders Kill 8', 'attack', NULL, 'Confirmed by the spokesperson of  katsina Police Command","SP Mohammed Shehu', '1', 'https://punchng.com/bandits-kill-eight-farmers-in-zamfara-village/', NULL, NULL, 'Sources: Punch', 'Secondary', 1, '2026-01-25 11:22:30', '2026-01-25 11:22:30', NULL),
(600, '2021-05-22', 6, 1, 2, 7, 125, 'Agan', 0, 0, 9, 0, 0, NULL, 0, 0, NULL, 0, 0, NULL, 'No', 0, 0, 8, 23, 22, 'Herders kill 9', 'attack', NULL, 'Confirmed by the spokesperson of the police command in Benue state","DSP Catherine Anene', '1', 'https://www.vanguardngr.com/2021/05/gunmen-kill-9-in-agan-community-in-benue/', NULL, NULL, 'Sources: Vanguard', 'Secondary', 1, '2026-01-25 11:22:30', '2026-01-25 11:22:30', NULL),
(601, '2021-05-22', 8, 1, 4, 22, 438, 'Nneyi', 0, 0, NULL, 0, 0, 2, 0, 0, NULL, 0, 0, NULL, 'No', 0, 0, 7, 4, 22, 'Gunmen Kill 2 officers', 'attack', NULL, 'Confirmed by Anambra state NSCDC command’s Public Relations Officer","Mr. Edwin Okadigbo', '1', 'https://tribuneonlineng.com/gunmen-attack-nscdc-outpost-kill-2-officers-cart-away-rifles-burn-vehicle-in-anambra/', NULL, NULL, 'Sources: Nigerian Tribune', 'Secondary', 1, '2026-01-25 11:22:30', '2026-01-25 11:22:30', NULL),
(602, '2021-05-23', 8, 1, 4, 23, 461, 'Ugbuodo', 0, 0, 1, 0, 0, 1, 0, 0, NULL, 0, 0, NULL, 'No', 0, 0, 7, 21, 22, 'Gunmen attack police station kill 1 police officers - Police kill 1 gunman', 'attack', NULL, 'Confirmed by the commissioner of police",Ebonyi State Command,"CP Aliyu Garba', '1', 'https://dailypost.ng/2021/05/23/again-gunmen-attack-ebonyi-police-station-kill-1-officer/', NULL, NULL, 'Sources: Daily post', 'Secondary', 1, '2026-01-25 11:22:30', '2026-01-25 11:22:30', NULL),
(603, '2021-05-23', 5, 1, 5, 29, 579, 'Agbor', 0, 0, 1, 0, 0, NULL, 0, 0, NULL, 0, 0, NULL, 'No', 0, 0, 28, 4, 22, 'Ritualists kill 13 year old', 'attack', NULL, 'Confirmed by Delta State Police Public Relations Officer","DSP Bright Edafe', '1', 'https://guardian.ng/news/girl-13-murdered-in-delta-state/', NULL, NULL, 'Sources: The Guardian', 'Secondary', 1, '2026-01-25 11:22:30', '2026-01-25 11:22:30', NULL),
(604, '2021-05-24', 8, 1, 2, 12, 215, 'Kwi', 0, 0, 7, 0, 0, NULL, 0, 0, NULL, 0, 0, NULL, 'No', 0, 0, 7, 4, 22, 'Gunment kill 7 in plateau', 'attack', NULL, 'Confirmed by the plateau state police spokesperson","Gabriel Ubah', '1', 'https://www.thisdaylive.com/index.php/2021/05/24/just-in-gunmen-attack-two-plateau-communities-kill-14/', NULL, NULL, 'Sources: Thisday', 'Secondary', 1, '2026-01-25 11:22:30', '2026-01-25 11:22:30', NULL),
(605, '2021-05-24', 8, 1, 2, 12, 216, 'Dong', 0, 0, 7, 0, 0, NULL, 0, 0, NULL, 0, 0, NULL, 'No', 0, 0, 7, 4, 22, 'Gunmen kill 7 in plateau', 'attack', NULL, 'Confirmed by the plateau state police spokesperson","Gabriel Ubah', '1', 'https://www.premiumtimesng.com/news/top-news/463434-seven-killed-in-fresh-attack-in-plateau.html', NULL, NULL, 'Sources: Premium Times', 'Secondary', 1, '2026-01-25 11:22:30', '2026-01-25 11:22:30', NULL),
(606, '2021-05-25', 8, 1, 4, 25, 505, 'Ocha', 0, 0, 2, 0, 0, NULL, 0, 0, NULL, 0, 0, NULL, 'No', 0, 0, 21, 7, 22, 'Police kill 2 gunmen in Imo', 'attack', NULL, 'Confirmed by Imo State police spokesperson","Bala Elkana', '1', 'https://punchng.com/police-kill-two-bandits-recover-arms-in-imo/', NULL, NULL, 'Sources: Punch', 'Secondary', 1, '2026-01-25 11:22:30', '2026-01-25 11:22:30', NULL),
(607, '2021-05-25', 2, 1, 3, 20, 412, 'Hayin Daudu', 0, 0, 4, 0, 0, NULL, 0, 0, NULL, 0, 0, NULL, 'No', 0, 0, 11, 2, 22, 'Vigilante kill 4 bandits', 'attack', NULL, 'Confirmed by police spokesperson in the state","Muhammed Shehu', '1', 'https://www.premiumtimesng.com/news/top-news/463817-10-bandits-killed-in-zamfara.html', NULL, NULL, 'Sources: Premium Times', 'Secondary', 1, '2026-01-25 11:22:30', '2026-01-25 11:22:30', NULL),
(608, '2021-05-26', 8, 1, 4, 24, 475, 'Iwollo', 0, 0, NULL, 0, 0, 4, 0, 0, NULL, 0, 0, NULL, 'No', 0, 0, 7, 21, 22, 'Gunment kill 4 police men', 'attack', NULL, 'Confirmed by Enugu State police spokesman","ASP Daniel Ndukwe', '1', 'https://www.vanguardngr.com/2021/05/how-enugu-police-lost-4-operatives-in-fresh-gunmen-attack/', NULL, NULL, 'Sources: Vanguard', 'Secondary', 1, '2026-01-25 11:22:30', '2026-01-25 11:22:30', NULL),
(609, '2021-05-26', 2, 1, 3, 19, 395, 'Magira', 0, 0, 1, 0, 0, NULL, 0, 0, NULL, 0, 0, 2, 'No', 0, 0, 2, 4, 22, 'Bandits kill 1 abduct 2', 'attack', NULL, 'Confirmed by Special Adviser to the Chairman of Sabon Birni Local Government Area in Sokoto State', '1', 'https://guardian.ng/news/bandits-kill-village-head-rob-cattle-traders-of-%E2%82%A612m/', NULL, NULL, 'Sources: The Guardian', 'Secondary', 1, '2026-01-25 11:22:30', '2026-01-25 11:22:30', NULL),
(610, '2021-05-26', 2, 1, 3, 17, 341, 'Funtua', 0, 0, 5, 0, 0, NULL, 0, 0, NULL, 0, 0, NULL, 'No', 0, 0, 21, 2, 22, 'Police kill 5 bandits', 'armed clash', NULL, 'Confirmed by  Katsina police spokesperson","Gambo Isah', '1', 'https://guardian.ng/news/police-neutralise-5-bandits-arrest-16-others-in-katsina-ppro/', NULL, NULL, 'Sources: The Guardian', 'Secondary', 1, '2026-01-25 11:22:30', '2026-01-25 11:22:30', NULL),
(611, '2021-05-28', 7, 1, 6, 33, 817, 'Oshodi', 0, 0, 1, 0, 0, NULL, 0, 0, NULL, 0, 0, NULL, 'No', 0, 0, 18, 28, 22, 'Mob kill suspected ritualists', 'attack', NULL, 'Eye Witness', '1', 'https://guardian.ng/news/pandemonium-as-mob-kills-suspected-ritual-killer-in-lagos/', NULL, NULL, 'Sources: The Guardian', 'Secondary', 1, '2026-01-25 11:22:30', '2026-01-25 11:22:30', NULL),
(612, '2021-05-28', 8, 1, 5, 31, 635, 'Oyigbo', 0, 0, 5, 0, 0, NULL, 0, 0, NULL, 0, 0, NULL, 'No', 0, 0, 21, 7, 22, 'Police kill 5 gunmen in rivers', 'attack', NULL, 'Eye Witness', '1', 'https://thenationonlineng.net/breaking-security-forces-kill-five-gunmen-allegedly-preparing-to-attack-rivers/', NULL, NULL, 'Sources: The Nation', 'Secondary', 1, '2026-01-25 11:22:30', '2026-01-25 11:22:30', NULL),
(613, '2021-05-28', 8, 1, 5, 29, 592, 'Umutu', 0, 0, NULL, 0, 0, 2, 0, 0, NULL, 0, 0, NULL, 'No', 0, 0, 7, 21, 22, 'Gunmen kill 2 police officers in Delta', 'attack', NULL, 'Eye Witness', '1', 'https://dailypost.ng/2021/05/28/unknown-gunmen-attack-police-station-kill-two-officers-in-delta/', NULL, NULL, 'Sources: Daily post', 'Secondary', 1, '2026-01-25 11:22:30', '2026-01-25 11:22:30', NULL),
(614, '2021-05-29', 6, 1, 2, 7, 120, 'Gwer', 0, 0, 6, 0, 0, NULL, 0, 0, NULL, 0, 0, NULL, 'No', 0, 0, 8, 23, 22, 'Herders kill 6 farmers', 'attack', NULL, 'Confirmed by the spokesperson of the police command in Benue state","DSP Catherine Anene', '1', 'https://guardian.ng/news/42-killed-many-abducted-as-bandits-attack-benue-communities/', NULL, NULL, 'Sources: The Guardian', 'Secondary', 1, '2026-01-25 11:22:30', '2026-01-25 11:22:30', NULL),
(615, '2021-05-29', 8, 1, 4, 22, 448, 'Unknown', 0, 0, NULL, 0, 0, 5, 0, 0, NULL, 0, 0, NULL, 'No', 0, 0, 7, 21, 22, 'Gunmen kill 5 soldiers in onitsha', 'attack', 'Onitsha-Owerri', 'Confirmed by the police Public Relations Officer in Anambra state","DSP Ikenga Tochukwu', '1', 'https://www.vanguardngr.com/2021/05/5-soldiers-feared-dead-as-gunmen-attack-military-checkpoint-in-anambra/', NULL, NULL, 'Sources: Vanguard', 'Secondary', 1, '2026-01-25 11:22:30', '2026-01-25 11:22:30', NULL),
(616, '2021-05-29', 6, 1, 2, 7, 121, 'Katsina Ala', 0, 0, 36, 0, 0, NULL, 0, 0, NULL, 0, 0, NULL, 'No', 0, 0, 8, 23, 22, 'Herders kill 36 farmers in Benue State', 'attack', NULL, 'Eye Witness', '1', 'https://guardian.ng/news/42-killed-many-abducted-as-bandits-attack-benue-communities/', NULL, NULL, 'Sources: The Guardian', 'Secondary', 1, '2026-01-25 11:22:30', '2026-01-25 11:22:30', NULL),
(617, '2021-05-30', 9, 1, 3, 15, 280, 'Sanga', 0, 0, NULL, 0, 0, NULL, 0, 0, NULL, 0, 0, 1, 'No', 0, 0, 14, 4, 22, 'Kidnappers abduct Nasarawa Lawmaker Kaduna', 'attack', NULL, 'Eye Witness', '1', 'https://www.channelstv.com/2021/05/30/nasarawa-lawmaker-kidnapped-in-kaduna/', NULL, NULL, 'Sources: channelstv', 'Secondary', 1, '2026-01-25 11:22:30', '2026-01-25 11:22:30', NULL),
(618, '2021-05-30', 8, 1, 4, 25, 499, 'Ngor Okpala', 0, 0, 1, 0, 0, NULL, 0, 0, NULL, 0, 0, NULL, 'No', 0, 0, 7, 4, 22, 'Gunmen kill Gulak former aide to Goodluck Jonathan', 'attack', NULL, 'Eye Witness', '1', 'https://www.premiumtimesng.com/news/headlines/464666-former-adviser-to-goodluck-jonathan-reportedly-shot-dead-in-owerri.html', NULL, NULL, 'Sources: Premium Times', 'Secondary', 1, '2026-01-25 11:22:30', '2026-01-25 11:22:30', NULL),
(619, '2021-05-30', 2, 1, 2, 11, 205, 'Tegina', 0, 0, NULL, 0, 0, NULL, 0, 0, NULL, 0, 0, 200, 'No', 0, 0, 7, 4, 22, 'Gunmen kidnap 200 in Niger State', 'attack', NULL, 'Eye Witness', '1', 'https://www.bbc.com/news/world-africa-57300643', NULL, NULL, 'Sources: BBC', 'Secondary', 1, '2026-01-25 11:22:30', '2026-01-25 11:22:30', NULL),
(620, '2021-05-30', 8, 1, 4, 25, 504, 'Izombe', 0, 0, 4, 0, 0, NULL, 0, 0, NULL, 0, 0, NULL, 'No', 0, 0, 21, 26, 22, 'Police kill 4 Hoodlums', 'armed clash', NULL, 'Confirmed by Imo State police spokesperson","Bala Elkana', '1', 'https://guardian.ng/news/police-kill-four-suspected-imo-police-station-attackers/', NULL, NULL, 'Sources: The Guardian', 'Secondary', 1, '2026-01-25 11:22:30', '2026-01-25 11:22:30', NULL),
(621, '2021-05-30', 8, 1, 4, 21, 435, 'Unknown', 0, 0, NULL, 0, 0, NULL, 0, 0, NULL, 0, 0, NULL, 'No', 0, 0, 7, 11, 22, 'Gunmen attack immigrations office in Ubakala Abia State', 'attack', 'Enugu-Port Harcourt Expressway', 'Eye Witness', '1', 'https://punchng.com/gunmen-attack-immigration-office-in-abia/', NULL, NULL, 'Sources: Punch', 'Secondary', 1, '2026-01-25 11:22:30', '2026-01-25 11:22:30', NULL),
(622, '2021-05-30', 6, 1, 4, 24, 480, 'Mgbuji-Ehamufu', 0, 0, 9, 0, 0, NULL, 0, 0, NULL, 0, 0, NULL, 'No', 0, 0, 8, 23, 22, 'Herders kill 9 in Enugu', 'attack', NULL, 'Confirmed by Enugu State police spokesman","ASP Daniel Ndukwe', '1', 'https://www.vanguardngr.com/2021/05/breaking-herdsmen-kill-nine-in-enugu-community/', NULL, NULL, 'Sources: Vanguard', 'Secondary', 1, '2026-01-25 11:22:30', '2026-01-25 11:22:30', NULL),
(623, '2021-05-30', 2, 1, 2, 11, 200, 'Beri', 0, 0, 13, 0, 0, NULL, 0, 0, NULL, 0, 0, NULL, 'No', 0, 0, 2, 4, 22, 'Bandits kill 13 in Niger community', 'attack', NULL, 'Confirmed by the Governor of  Niger State","Abubakar Bello', '1', 'https://www.channelstv.com/2021/05/31/bandits-burn-police-station-kill-13-in-niger-community/', NULL, NULL, 'Sources: channelstv', 'Secondary', 1, '2026-01-25 11:22:30', '2026-01-25 11:22:30', NULL),
(624, '2021-05-31', 8, 1, 4, 21, 434, 'Umuagu', 0, 0, 8, 0, 0, 2, 0, 0, NULL, 0, 0, NULL, 'No', 0, 0, 7, 21, 22, '2 police officers and 8 gunmen killed in an armed clash', 'armed clash', NULL, 'Confirmed by the Abia State Police Public Relations Officer","Geoffrey Ogbonna', '1', 'https://thenationonlineng.net/two-policemen-eight-ipob-members-died-in-umuahia-scid-attack-cp/', NULL, NULL, 'Sources: The Nation', 'Secondary', 1, '2026-01-25 11:22:30', '2026-01-25 11:22:30', NULL),
(625, '2021-05-31', 8, 1, 6, 37, 818, 'Oremeji Mokola', 0, 0, 1, 0, 0, NULL, 0, 0, NULL, 0, 0, NULL, 'No', 0, 0, 7, 4, 22, 'Gunmen kil 1 businessman in Ibadan', 'attack', NULL, 'Confirmed by Oyo state command Police Public Relations Officer","Adewale Osifeso', '1', 'https://www.premiumtimesng.com/regional/ssouth-west/464748-businessman-murdered-in-ibadan.html', NULL, NULL, 'Sources: Premium Times', 'Secondary', 1, '2026-01-25 11:22:30', '2026-01-25 11:22:30', NULL),
(626, '2021-05-31', 8, 1, 4, 24, 474, 'Ebeano Tunnel', 0, 0, 1, 0, 0, NULL, 0, 0, NULL, 0, 0, NULL, 'No', 0, 0, 7, 4, 22, 'Gunmen kill retired judge in Enugu', 'attack', NULL, 'Confirmed by the Enugu State Police Public Relations Officer","Daniel Ndukwe', '1', 'https://guardian.ng/news/gunmen-kill-ex-enugu-high-court-judge-stanley-nnaji/', NULL, NULL, 'Sources: The Guardian', 'Secondary', 1, '2026-01-25 11:22:30', '2026-01-25 11:22:30', NULL),
(627, '2021-05-31', 3, 1, 1, 4, 819, 'Shongom and Filiya', 0, 0, 1, 0, 0, NULL, 0, 0, NULL, 0, 0, NULL, 'No', 0, 0, 5, 5, 22, 'Clashes between  Shongom and Filiyaled to the burning down of 50 houses and  1 death', 'attack', NULL, 'Confirmed by the state Commissioner of Information and Culture","Julius Ishaya', '1', 'https://www.premiumtimesng.com/news/headlines/464960-one-dead-50-houses-razed-in-gombe-communal-conflict.html', NULL, NULL, 'Sources: Premium Times', 'Secondary', 1, '2026-01-25 11:22:30', '2026-01-25 11:22:30', NULL);
INSERT INTO `conflicts` (`id`, `incidence_date`, `conflict_type_id`, `country_id`, `region_id`, `state_id`, `lga_id`, `community`, `civilian_death_male`, `civilian_death_female`, `civilian_death_unknown`, `security_death_male`, `security_death_female`, `security_death_unknown`, `injured_male`, `injured_female`, `injured_unknown`, `kidnapped_male`, `kidnapped_female`, `kidnapped_unknown`, `displaced_persons`, `displaced_male`, `displaced_female`, `actor_1`, `actor_2`, `actor_3`, `description`, `action`, `highway_roads_water`, `confirmation_verification`, `verification_level`, `source_url`, `source_contact_details`, `source_contact_pictures`, `source_metadata`, `data_source`, `reporter_id`, `created_at`, `updated_at`, `deleted_at`) VALUES
(628, '2021-05-31', 8, 1, 4, 25, 488, 'Afor Enyiogugu', 0, 0, 3, 0, 0, NULL, 0, 0, 10, 0, 0, NULL, 'No', 0, 0, 7, 21, 22, 'Police kill 3 suspected killers of gulak', 'armed clash', NULL, 'Confirmed by Imo State police spokesperson","Bala Elkana', '1', 'https://www.vanguardngr.com/2021/05/police-arrest-suspected-killers-of-gulak-kill-3-in-gun-battle/', NULL, NULL, 'Sources: Vanguard', 'Secondary', 1, '2026-01-25 11:22:30', '2026-01-25 11:22:30', NULL),
(629, '2021-05-31', 12, 1, 1, 3, 63, 'Marti', 0, 0, NULL, 0, 0, 7, 0, 0, 5, 0, 0, NULL, 'No', 0, 0, 3, 21, 22, 'Boko Haram explosive kill 7 and 5 soldiers', 'attack', NULL, 'Eye Witness', '1', 'https://www.premiumtimesng.com/news/headlines/464923-exclusive-seven-soldiers-killed-five-injured-as-terrorists-ambush-nigerian-troops.html', NULL, NULL, 'Sources: Premium Times', 'Secondary', 1, '2026-01-25 11:22:30', '2026-01-25 11:22:30', NULL),
(630, '2021-06-01', 8, 1, 4, 25, 497, 'Umundunga', 0, 0, NULL, 0, 0, NULL, 0, 0, NULL, 0, 0, NULL, 'No', 0, 0, 7, 21, 22, 'Police repell attack by gunmen in Imo', 'attack', NULL, 'Confirmed by the Imo State Police Spokesman Bala Elkana', '1', 'http://saharareporters.com/2021/06/01/how-police-officers-repelled-gunmen-4-vehicles-who-attacked-two-divisions-imo-', NULL, NULL, 'Sources: Saharareporters', 'Secondary', 1, '2026-01-25 11:22:30', '2026-01-25 11:22:30', NULL),
(631, '2021-06-02', 2, 1, 3, 15, 807, 'Goska', 0, 0, 4, 0, 0, NULL, 0, 0, 1, 0, 0, NULL, 'No', 0, 0, 2, 4, 22, 'Bandits kill 4 in Goska","Kaduna State', 'attack', NULL, 'Confirmed by the The Commissioner for Internal Security and Home Affairs in Kaduna","Samuel Aruwan', '1', 'https://guardian.ng/news/bandits-kill-police-officer-10-others-in-kaduna-katsina/', NULL, NULL, 'Sources: The Guardian', 'Secondary', 1, '2026-01-25 11:22:30', '2026-01-25 11:22:30', NULL),
(632, '2021-06-02', 5, 1, 4, 25, 499, 'Ngor Okpala', 0, 0, 1, 0, 0, NULL, 0, 0, NULL, 0, 0, NULL, 'No', 0, 0, 21, 4, 22, 'Airforce officer kill 1 close to Sam Mbakwe Airport Imo State.', 'attack', NULL, 'Eye Witness', '1', 'https://punchng.com/killer-troops-naf-man-guns-down-germany-bound-nigerian-in-imo/', NULL, NULL, 'Sources: Punch', 'Secondary', 1, '2026-01-25 11:22:30', '2026-01-25 11:22:30', NULL),
(633, '2021-06-02', 2, 1, 3, 19, 395, 'Sabon Birni', 0, 0, 3, 0, 0, NULL, 0, 0, NULL, 0, 0, NULL, 'No', 0, 0, 21, 7, 22, 'Nigerian Army kill 3 gun runners', 'attack', NULL, 'Confirmed by Mohammed Yerima","army spokesperson', '1', 'https://www.premiumtimesng.com/news/top-news/465295-three-killed-as-army-intercepts-gunrunners.html', NULL, NULL, 'Sources: Premium Times', 'Secondary', 1, '2026-01-25 11:22:30', '2026-01-25 11:22:30', NULL),
(634, '2021-06-02', 2, 1, 3, 17, 343, 'Zandam', 0, 0, 6, 0, 0, 1, 0, 0, NULL, 0, 0, NULL, 'No', 0, 0, 2, 4, 21, 'Bandits kill 6","including 1 police officer. Raze houses and cars', 'attack', NULL, 'Confirmed by the The Commissioner for Internal Security and Home Affairs in Kaduna","Samuel Aruwan', '1', 'https://guardian.ng/news/bandits-kill-police-officer-10-others-in-kaduna-katsina/', NULL, NULL, 'Sources: The Guardian', 'Secondary', 1, '2026-01-25 11:22:30', '2026-01-25 11:22:30', NULL),
(635, '2021-06-02', 5, 1, 4, 25, 509, 'Awomamma', 0, 0, 3, 0, 0, NULL, 0, 0, NULL, 0, 0, NULL, 'No', 0, 0, 29, 4, 22, 'Assasins kill 3 burn houses and cars in Oru East Imo State', 'attack', NULL, 'Eye Witness', '1', 'https://www.vanguardngr.com/2021/06/3-killed-4-houses-2-vehicles-burnt-by-gunmen-in-imo/', NULL, NULL, 'Sources: Vanguard', 'Secondary', 1, '2026-01-25 11:22:30', '2026-01-25 11:22:30', NULL),
(636, '2021-06-02', 10, 1, 5, 31, 620, 'Agulu Creek', 0, 0, 2, 0, 0, NULL, 0, 0, 5, 0, 0, NULL, 'No', 0, 0, 7, 4, 22, 'Gunmen kill 2 nd injure 5 in Rivers Creek', 'attack', NULL, 'Eye Witness', '1', 'https://punchng.com/pirates-kill-two-rivers-boat-passengers-nscdc-denies-involvement/', NULL, NULL, 'Sources: Punch', 'Secondary', 1, '2026-01-25 11:22:30', '2026-01-25 11:22:30', NULL),
(637, '2021-06-02', 8, 1, 6, 36, 732, 'Ikire', 0, 0, 3, 0, 0, 4, 0, 0, NULL, 0, 0, NULL, 'No', 0, 0, 7, 4, 21, 'Gunmen Kill 4 police men and 3 civilian in Osun', 'armed clash', NULL, 'Confirmed by Osun State Police spokesperson","Yemisi Opalola', '1', 'https://www.premiumtimesng.com/regional/ssouth-west/465337-seven-killed-in-osun-as-robbers-invade-banks-police-station.html', NULL, NULL, 'Sources: Premium Times', 'Secondary', 1, '2026-01-25 11:22:30', '2026-01-25 11:22:30', NULL),
(638, '2021-06-02', 8, 1, 2, 12, 216, 'Jos South', 0, 0, 1, 0, 0, NULL, 0, 0, NULL, 0, 0, NULL, 'No', 0, 0, 7, 4, 22, 'Gunmen kill aide to Governor of Benue State', 'attack', NULL, 'Eye Witness', '1', 'https://guardian.ng/news/aide-to-benue-governor-samuel-ortom-shot-dead/', NULL, NULL, 'Sources: The Guardian', 'Secondary', 1, '2026-01-25 11:22:30', '2026-01-25 11:22:30', NULL),
(639, '2021-06-02', 7, 1, 6, 33, 817, 'Isolo', 0, 0, 1, 0, 0, NULL, 0, 0, NULL, 0, 0, NULL, 'No', 0, 0, 26, 4, 22, 'Hoodlum kill one in Isolo', 'attack', NULL, 'Eye Witness', '1', 'https://guardian.ng/news/one-killed-in-isolo-as-hoodlums-attack-residents-traders/', NULL, NULL, 'Sources: The Guardian', 'Secondary', 1, '2026-01-25 11:22:30', '2026-01-25 11:22:30', NULL),
(640, '2021-06-03', 12, 1, 1, 3, 48, 'Damboa', 0, 0, 50, 0, 0, NULL, 0, 0, NULL, 0, 0, NULL, 'No', 0, 0, 21, 10, 22, 'Soldiers repel attack and kill 50 ISWAP terrorists', 'attack', NULL, 'Confirmed by Mohammed Yerima","army spokesperson', '1', 'https://www.premiumtimesng.com/regional/nnorth-east/465322-nigerian-army-repels-iswap-attack-on-damboa-kills-50-official.html', NULL, NULL, 'Sources: Premium Times', 'Secondary', 1, '2026-01-25 11:22:30', '2026-01-25 11:22:30', NULL),
(641, '2021-06-03', 9, 1, 6, 35, 698, 'Oba Ile Estate', 0, 0, 1, 0, 0, NULL, 0, 0, NULL, 0, 0, NULL, 'No', 0, 0, 14, 4, 22, 'Kidnappers abduct teacher and steal school bus in Ondo', 'attack', NULL, 'Eye Witness', '1', 'http://saharareporters.com/2021/06/03/breaking-unknown-gunmen-hijack-school-bus-ondo-abduct-staff', NULL, NULL, 'Sources: Saharareporters', 'Secondary', 1, '2026-01-25 11:22:30', '2026-01-25 11:22:30', NULL),
(642, '2021-06-03', 2, 1, 3, 20, 406, 'Girkau', 0, 0, 4, 0, 0, NULL, 0, 0, NULL, 0, 0, NULL, 'No', 0, 0, 2, 4, 22, 'Bandits invade community kill 4', 'attack', NULL, 'Confirmed by the police spokeman for Zamfara State', '1', 'https://www.channelstv.com/2021/06/04/12-farmers-10-others-killed-as-bandits-attack-zamfara-communities/', NULL, NULL, 'Sources: Channelstv', 'Secondary', 1, '2026-01-25 11:22:30', '2026-01-25 11:22:30', NULL),
(643, '2021-06-03', 2, 1, 3, 20, 406, 'Bardi', 0, 0, 6, 0, 0, NULL, 0, 0, NULL, 0, 0, NULL, 'No', 0, 0, 2, 4, 22, 'Bandits invade community kill 6', 'attack', NULL, 'Confirmed by the police spokeman for Zamfara State', '1', 'https://www.channelstv.com/2021/06/04/12-farmers-10-others-killed-as-bandits-attack-zamfara-communities/', NULL, NULL, 'Sources: Channelstv', 'Secondary', 1, '2026-01-25 11:22:30', '2026-01-25 11:22:30', NULL),
(644, '2021-06-04', 6, 1, 3, 20, 412, 'Magami And Mayaba', 0, 0, 12, 0, 0, NULL, 0, 0, NULL, 0, 0, NULL, 'No', 0, 0, 8, 23, 22, 'Herders kill 12 farmers in Gusau","Zamfara', 'attack', NULL, 'Confirmed by the police spokesperson for Zamfara State","Mohammed Shehu', '1', 'https://www.channelstv.com/2021/06/04/12-farmers-10-others-killed-as-bandits-attack-zamfara-communities/', NULL, NULL, 'Sources: Channelstv', 'Secondary', 1, '2026-01-25 11:22:30', '2026-01-25 11:22:30', NULL),
(645, '2021-06-05', 2, 1, 3, 15, 262, 'Chikun', 0, 0, 2, 0, 0, NULL, 0, 0, NULL, 0, 0, NULL, 'No', 0, 0, 2, 4, 22, 'Bandits kill 2 in Chikun Kaduna State and razed two buildings', 'attack', NULL, 'Confirmed by the The Commissioner for Internal Security and Home Affairs in Kaduna","Samuel Aruwan', '1', 'https://guardian.ng/news/bandits-kill-5-in-kaduna-commissioner/', NULL, NULL, 'Sources: The Guardian', 'Secondary', 1, '2026-01-25 11:22:30', '2026-01-25 11:22:30', NULL),
(646, '2021-06-05', 5, 1, 6, 32, 790, 'Ado-Ekiti', 0, 0, NULL, 0, 0, 1, 0, 0, NULL, 0, 0, NULL, 'No', 0, 0, 21, 21, 22, 'Soldiers kill DSS operative in Ekiti State', 'attack', NULL, 'Eye Witness', '1', 'https://guardian.ng/news/police-investigate-murder-of-dss-operative-in-ekiti/', NULL, NULL, 'Sources: The Guardian', 'Secondary', 1, '2026-01-25 11:22:30', '2026-01-25 11:22:30', NULL),
(647, '2021-06-05', 2, 1, 3, 18, 820, 'Koro",Kimpi,Gaya,Dimi,Zutu,"Rafin Gora and Iguenge', 0, 0, 88, 0, 0, NULL, 0, 0, NULL, 0, 0, NULL, 'No', 0, 0, 2, 4, 22, 'Bandits kill 88 in kebbi', 'attack', NULL, 'Confirmed by the Kebbi State police spokesperson","Nafiu Abubakar', '1', 'https://www.premiumtimesng.com/news/headlines/465837-bandits-kill-88-persons-in-attacks-on-kebbi-communities-police.html', NULL, NULL, 'Sources: Premium Times', 'Secondary', 1, '2026-01-25 11:22:30', '2026-01-25 11:22:30', NULL),
(648, '2021-06-05', 1, 1, 2, 7, 124, 'Ugba', 0, 0, 5, 0, 0, NULL, 0, 0, NULL, 0, 0, NULL, 'No', 0, 0, 21, 1, 22, 'Police kill 5 robbers in benue', 'attack', NULL, 'Eye Witness', '1', 'https://thenationonlineng.net/police-kill-five-suspected-armed-robbers-in-benue/', NULL, NULL, 'Sources: The Nation', 'Secondary', 1, '2026-01-25 11:22:30', '2026-01-25 11:22:30', NULL),
(649, '2021-06-05', 2, 1, 3, 15, 264, 'Lambar Zango', 0, 0, 3, 0, 0, NULL, 0, 0, NULL, 0, 0, NULL, 'No', 0, 0, 2, 4, 22, 'Bandits kill 3 in Igabi', 'attack', NULL, 'Confirmed by the The Commissioner for Internal Security and Home Affairs in Kaduna","Samuel Aruwan', '1', 'https://guardian.ng/news/bandits-kill-5-in-kaduna-commissioner/', NULL, NULL, 'Sources: The Guardian', 'Secondary', 1, '2026-01-25 11:22:30', '2026-01-25 11:22:30', NULL),
(650, '2021-06-06', 8, 1, 4, 25, 511, 'Owerri Municipal', 0, 0, 5, 0, 0, NULL, 0, 0, NULL, 0, 0, NULL, 'No', 0, 0, 21, 7, 22, 'Police repel attack kill five gunmen in Imo State', 'attack', NULL, 'Confirmed by Imo State police spokesperson","Bala Elkana', '1', 'https://www.premiumtimesng.com/news/top-news/465956-five-gunmen-killed-during-another-attack-at-police-headquarters-in-imo.html', NULL, NULL, 'Sources: Premium Times', 'Secondary', 1, '2026-01-25 11:22:30', '2026-01-25 11:22:30', NULL),
(651, '2021-06-06', 6, 1, 6, 37, 754, 'Igangan', 0, 0, 15, 0, 0, NULL, 0, 0, NULL, 0, 0, NULL, 'No', 0, 0, 8, 4, 22, 'Fulani bandits attack and kill 15 in Oyo State', 'attack', NULL, 'Eye Witness', '1', 'https://outlook.office.com/mail/inbox/id/AAQkAGE2N2Q2Y2Y5LTBiNmMtNDVmMC1iN2QxLWY2MjVkMmExODdhMwAQAOnJeyGrHAdKgbU8sMdq%2Bqc%3D', NULL, NULL, 'Sources: Daily trust', 'Secondary', 1, '2026-01-25 11:22:30', '2026-01-25 11:22:30', NULL),
(652, '2021-06-07', 2, 1, 3, 17, 336, 'Kanawa', 0, 0, 6, 0, 0, NULL, 0, 0, 3, 0, 0, NULL, 'No', 0, 0, 2, 4, 22, 'Bandits kill 6 and  injure 3', 'attack', NULL, 'confirmed by  Katsina police spokesperson","Gambo Isah', '1', 'https://guardian.ng/news/gunmen-kill-six-injure-three-in-katsina/', NULL, NULL, 'Sources: The Guardian', 'Secondary', 1, '2026-01-25 11:22:30', '2026-01-25 11:22:30', NULL),
(653, '2021-06-07', 2, 1, 3, 20, 410, 'Samawa', 0, 0, NULL, 0, 0, 1, 0, 0, NULL, 0, 0, NULL, 'No', 0, 0, 8, 21, 22, '1 police officer killed in clash with Herders in Zamfara', 'armed clash', NULL, 'Confirmed by Mohammed Shehu","spokesman of the Zamfara State Police', '1', 'https://dailypost.ng/2021/06/07/police-officer-41-farmers-killed-in-zamfara-by-suspected-bandits/', NULL, NULL, 'Sources: Daily post', 'Secondary', 1, '2026-01-25 11:22:31', '2026-01-25 11:22:31', NULL),
(654, '2021-06-07', 6, 1, 3, 20, 410, 'Tofa', 0, 0, 41, 0, 0, NULL, 0, 0, NULL, 0, 0, NULL, 'No', 0, 0, 8, 23, 22, 'Herders kill 41 farmers in Zamfara community', 'attack', NULL, 'Confirmed by Mohammed Shehu","spokesman of the Zamfara State Police', '1', 'https://dailypost.ng/2021/06/07/police-officer-41-farmers-killed-in-zamfara-by-suspected-bandits/', NULL, NULL, 'Sources: Daily post', 'Secondary', 1, '2026-01-25 11:22:31', '2026-01-25 11:22:31', NULL),
(655, '2021-06-07', 8, 1, 4, 25, 490, 'Umuakagu Nsu', 0, 0, 1, 0, 0, NULL, 0, 0, NULL, 0, 0, NULL, 'No', 0, 0, 7, 4, 22, 'Sporadic shooting by gunmen in imo lead to one death', 'attack', NULL, 'Eye Witness', '1', 'https://punchng.com/one-dead-as-gunmen-attack-imo-market-during-downpour/', NULL, NULL, 'Sources: Punch', 'Secondary', 1, '2026-01-25 11:22:31', '2026-01-25 11:22:31', NULL),
(656, '2021-06-08', 6, 1, 6, 34, 686, 'Imeko', 0, 0, 3, 0, 0, NULL, 0, 0, NULL, 0, 0, NULL, 'No', 0, 0, 8, 23, 22, 'herdsmen kill 3 hunters in Oyo', 'attack', NULL, 'Confirmed by Ogun State Police Public Relations Officer of the command","DSP Abimbola Oyeyemi', '1', 'https://punchng.com/ogun-community-police-differ-as-suspected-herdsmen-kill-three-farmers/', NULL, NULL, 'Sources: Punch', 'Secondary', 1, '2026-01-25 11:22:31', '2026-01-25 11:22:31', NULL),
(657, '2021-06-09', 6, 1, 2, 9, 157, 'Faje', 0, 0, 3, 0, 0, NULL, 0, 0, NULL, 0, 0, NULL, 'No', 0, 0, 8, 23, 22, 'herdermen kill 3 farmers', 'attack', NULL, 'confirmed by the state police command spokesperson Okasanmi Ajayi","', '1', 'https://thenationonlineng.net/suspected-herdsmen-kill-four-local-hunters-in-kwara/', NULL, NULL, 'Sources: The Nation', 'Secondary', 1, '2026-01-25 11:22:31', '2026-01-25 11:22:31', NULL),
(658, '2021-06-09', 2, 1, 3, 20, 419, 'Askawa and Gidan Dannunu', 0, 0, 30, 0, 0, NULL, 0, 0, NULL, 0, 0, NULL, 'No', 0, 0, 2, 4, 22, 'Bandits kill 30', 'attack', NULL, 'Eye Witness', '1', 'https://dailypost.ng/2021/06/09/bandits-kill-30-in-fresh-attacks-on-zamfara-communities/', NULL, NULL, 'Sources: Daily post', 'Secondary', 1, '2026-01-25 11:22:31', '2026-01-25 11:22:31', NULL),
(659, '2021-06-09', 2, 1, 2, 8, 137, 'Unknown', 0, 0, 2, 0, 0, NULL, 0, 0, NULL, 0, 0, NULL, 'No', 0, 0, 21, 7, 22, 'Police kill 2 criminals in kogi', 'attack', 'Ajaokuta Highway', 'Confirmed by Mr Onogwu Muhammed","Chief Press Secretary to the Kogi governor', '1', 'https://guardian.ng/news/police-eliminate-2-suspected-kidnappers-in-shootout-in-kogi/', NULL, NULL, 'Sources: The Guardian', 'Secondary', 1, '2026-01-25 11:22:31', '2026-01-25 11:22:31', NULL),
(660, '2021-06-10', 6, 1, 2, 12, 225, 'Gidan Ado', 0, 0, 3, 0, 0, NULL, 0, 0, NULL, 0, 0, NULL, 'No', 0, 0, 23, 8, 22, 'Farmers kill 3 herders in Riyom Jos', 'attack', NULL, 'Confirmed by he police spokesman",ASP Ubah Gabriel,"', '1', 'https://dailytrust.com/3-herders-killed-in-fresh-plateau-attack', NULL, NULL, 'Sources: Daily trust', 'Secondary', 1, '2026-01-25 11:22:31', '2026-01-25 11:22:31', NULL),
(661, '2021-06-10', 8, 1, 4, 22, 447, 'Ojoto', 0, 0, NULL, 0, 0, 1, 0, 0, NULL, 0, 0, NULL, 'No', 0, 0, 7, 21, 22, 'Gunmen kill police officer in Ojot o Anambra', 'attack', NULL, 'Eye Witness', '1', 'https://www.thisdaylive.com/index.php/2021/06/10/gunmen-attack-anambra-police-station-kill-inspector/', NULL, NULL, 'Sources: Thisday', 'Secondary', 1, '2026-01-25 11:22:31', '2026-01-25 11:22:31', NULL),
(662, '2021-06-11', 9, 1, 3, 15, 283, 'Zaria', 0, 0, 1, 0, 0, NULL, 0, 0, 1, 0, 0, 5, 'No', 0, 0, 14, 4, 22, 'Kidnappers abduct lecturers and others in Yusuf Bamali polytechnic', 'attack', NULL, 'Confirmed by the publicity secretary of the Academic Staff Union of Polytechnic (ASUP) of the institution","Aliyu Kofa', '1', 'https://www.premiumtimesng.com/regional/nwest/467112-gunmen-attack-kaduna-polytechnic-kill-student-kidnap-lecturers.html', NULL, NULL, 'Sources: Premium Times', 'Secondary', 1, '2026-01-25 11:22:31', '2026-01-25 11:22:31', NULL),
(663, '2021-06-11', 6, 1, 2, 7, 125, 'Zongo-Akiki', 0, 0, 5, 0, 0, NULL, 0, 0, NULL, 0, 0, NULL, 'No', 0, 0, 8, 23, 22, '5 people killed by herders in Benue', 'attack', NULL, 'Confirmed by he Chairman of Makurdi LGA","Hon. Anthony Dyegeh', '1', 'https://www.thisdaylive.com/index.php/2021/06/11/again-suspected-herdsmen-kill-11-farmers-in-benue/', NULL, NULL, 'Sources: Thisday', 'Secondary', 1, '2026-01-25 11:22:31', '2026-01-25 11:22:31', NULL),
(664, '2021-06-11', 9, 1, 4, 25, 506, 'Aboh-Umulolo', 0, 0, NULL, 0, 0, NULL, 0, 0, NULL, 0, 0, 15, 'No', 0, 0, 14, 4, 22, '15 people kidnapped in Imo', 'attack', NULL, 'Eye Witness', '1', 'https://punchng.com/police-feign-ignorance-as-suspected-herdsmen-kidnap-15-imo-travellers/', NULL, NULL, 'Sources: Punch', 'Secondary', 1, '2026-01-25 11:22:31', '2026-01-25 11:22:31', NULL),
(665, '2021-06-11', 5, 1, 6, 36, 733, 'Apomu', 0, 0, 1, 0, 0, NULL, 0, 0, NULL, 0, 0, NULL, 'No', 0, 0, 28, 4, 22, 'Ritualists kill 1 lady', 'attack', NULL, 'Confirmed by the Commissioner of Police","Olawale Olokode', '1', 'https://www.vanguardngr.com/2021/06/how-i-helped-my-friend-kill-butcher-lovers-body-for-ritual-suspect/', NULL, NULL, 'Sources: Vanguard', 'Secondary', 1, '2026-01-25 11:22:31', '2026-01-25 11:22:31', NULL),
(666, '2021-06-11', 6, 1, 2, 7, 121, 'Anyom', 0, 0, 6, 0, 0, NULL, 0, 0, NULL, 0, 0, NULL, 'No', 0, 0, 8, 23, 22, 'Herders kill 6 people', 'attack', NULL, 'Confirmed by to the media aide to the chairman of Katsina Ala LGA","Tertsea Benga', '1', 'https://www.thisdaylive.com/index.php/2021/06/11/again-suspected-herdsmen-kill-11-farmers-in-benue/', NULL, NULL, 'Sources: Thisday', 'Secondary', 1, '2026-01-25 11:22:31', '2026-01-25 11:22:31', NULL),
(667, '2021-06-12', 2, 1, 3, 20, 419, 'Kadawa', 0, 0, 93, 0, 0, NULL, 0, 0, NULL, 0, 0, NULL, 'No', 0, 0, 2, 4, 22, 'Bandits kill 93 people', 'attack', NULL, 'confirmed by the Zamfara State the state Commissioner of Police","Husaini Rabiu', '1', 'https://punchng.com/bandits-kill-93-in-zamfara-gov-calls-for-self-defence-suspends-emir/', NULL, NULL, 'Sources: Punch', 'Secondary', 1, '2026-01-25 11:22:31', '2026-01-25 11:22:31', NULL),
(668, '2021-06-12', 6, 1, 2, 9, 159, 'Lafiagi', 0, 0, NULL, 0, 0, NULL, 0, 0, 1, 0, 0, NULL, 'No', 0, 0, 8, 23, 22, 'Herdsmen injure 1 farmer in Kwara', 'attack', NULL, 'Confirmed by the spokesman of the NSCDC","Babawale Zaid Afolabi', '1', 'https://dailypost.ng/2021/06/12/kwara-manhunt-for-herdsmen-who-allegedly-cut-farmers-hand-on-nscdc/', NULL, NULL, 'Sources: Daily post', 'Secondary', 1, '2026-01-25 11:22:31', '2026-01-25 11:22:31', NULL),
(669, '2021-06-12', 2, 1, 1, 1, 21, 'Gadawaluwol', 0, 0, 1, 0, 0, NULL, 0, 0, NULL, 0, 0, NULL, 'No', 0, 0, 2, 4, 22, 'Bandits kill 1 in Yola Adamawa State', 'attack', NULL, 'Confirmed by the Spokesperson for the police in the state","DSP Suleiman Nguroje', '1', 'https://dailypost.ng/2021/06/12/bandits-kill-one-in-adamawa-village-attack/', NULL, NULL, 'Sources: Daily post', 'Secondary', 1, '2026-01-25 11:22:31', '2026-01-25 11:22:31', NULL),
(670, '2021-06-12', 6, 1, 2, 10, 177, 'Tse-Jimin', 0, 0, 6, 0, 0, NULL, 0, 0, NULL, 0, 0, NULL, 'No', 0, 0, 8, 23, 22, 'Herders kill 6 farmers in Nasarawa', 'attack', NULL, 'Eye Witness', '1', 'https://www.sunnewsonline.com/breaking-again-herdsmen-kill-six-farmers-in-nasarawa-state/', NULL, NULL, 'Sources: The Sun', 'Secondary', 1, '2026-01-25 11:22:31', '2026-01-25 11:22:31', NULL),
(671, '2021-06-13', 2, 1, 3, 20, 408, 'Birnin Magaji', 0, 0, 2, 0, 0, NULL, 0, 0, NULL, 0, 0, NULL, 'No', 0, 0, 2, 2, 22, '13 year old bandit kills 2 elderly bandits', 'attack', NULL, 'Confirmed by  Kastsina police spokesperson","Gambo Isah', '1', 'https://punchng.com/katsina-police-arrest-13-year-old-boy-for-killing-bandits/', NULL, NULL, 'Sources: Punch', 'Secondary', 1, '2026-01-25 11:22:31', '2026-01-25 11:22:31', NULL),
(672, '2021-06-13', 6, 1, 6, 34, 821, 'Iyemero Ekiti', 0, 0, NULL, 0, 0, NULL, 0, 0, NULL, 0, 0, 1, 'No', 0, 0, 8, 23, 22, 'Herders kidnap 1 farmer', 'attack', NULL, 'Eye Witness', '1', 'https://thenationonlineng.net/herdsmen-raid-ekiti-community-kidnap-farmer/', NULL, NULL, 'Sources: The Nation', 'Secondary', 1, '2026-01-25 11:22:31', '2026-01-25 11:22:31', NULL),
(673, '2021-06-13', 9, 1, 3, 15, 283, 'Kofar Gayan', 0, 0, NULL, 0, 0, NULL, 0, 0, NULL, 0, 0, 12, 'No', 0, 0, 14, 4, 22, 'Kidnappers abduct 12 in Zaria', 'attack', NULL, 'Confirmed by the Kaduna State police command through its spokesman","Mohammed Jalige', '1', 'https://www.channelstv.com/2021/06/13/bandits-kidnap-family-of-eight-four-others-in-zaria/', NULL, NULL, 'Sources: channelstv', 'Secondary', 1, '2026-01-25 11:22:31', '2026-01-25 11:22:31', NULL),
(674, '2021-06-13', 2, 1, 3, 20, 407, 'Unknown', 0, 0, NULL, 0, 0, NULL, 0, 0, NULL, 0, 0, NULL, 'No', 0, 0, 21, 2, 22, 'Police repel attack by armed bandits in Zamfara', 'attack', 'Gusau-Sokoto Road', 'Confirmed  by the spokesperson of the command","SP Mohammed Shehu', '1', 'https://punchng.com/police-repel-bandits-attack-in-zamfara/', NULL, NULL, 'Sources: Punch', 'Secondary', 1, '2026-01-25 11:22:31', '2026-01-25 11:22:31', NULL),
(675, '2021-06-13', 8, 1, 5, 26, 529, 'Ini', 0, 0, NULL, 0, 0, 1, 0, 0, NULL, 0, 0, NULL, 'No', 0, 0, 7, 21, 22, 'Gunmen attack police station and kill 1 police man', 'attack', NULL, 'Confirmed by the Police Public Relations Officer in the state","Odiko Macdon', '1', 'https://punchng.com/again-gunmen-attack-police-station-kill-cop-in-akwa-ibom/', NULL, NULL, 'Sources: Punch', 'Secondary', 1, '2026-01-25 11:22:31', '2026-01-25 11:22:31', NULL),
(676, '2021-06-13', 8, 1, 4, 21, 429, 'Amangwu', 0, 0, NULL, 0, 0, 7, 0, 0, 2, 0, 0, NULL, 'No', 0, 0, 7, 21, 22, 'Soldiers and gunmen clash', 'armed clash', NULL, 'Eye Witness', '1', 'http://saharareporters.com/2021/06/13/seven-soldiers-killed-clash-unknown-gunmen-abia-community-houses-burnt', NULL, NULL, 'Sources: Saharareporters', 'Secondary', 1, '2026-01-25 11:22:31', '2026-01-25 11:22:31', NULL),
(677, '2021-06-13', 8, 1, 4, 24, 481, 'Oruku', 0, 0, 1, 0, 0, NULL, 0, 0, 1, 0, 0, NULL, 'No', 0, 0, 7, 4, 22, 'Gunmen kill 1 and injure 1 in Enugu', 'attack', NULL, 'Eye Witness', '1', 'https://guardian.ng/news/one-killed-others-injured-in-attack-on-enugu-community/', NULL, NULL, 'Sources: The Guardian', 'Secondary', 1, '2026-01-25 11:22:31', '2026-01-25 11:22:31', NULL),
(678, '2021-06-14', 8, 1, 2, 12, 216, 'Kushe', 0, 0, 12, 0, 0, NULL, 0, 0, 5, 0, 0, NULL, 'No', 0, 0, 7, 4, 22, 'Gunmen kill 12 and injure 5 in Plateau', 'attack', NULL, 'Confirmed by the police spokesman in Plateau",ASP Ubah Ogaba,"', '1', 'https://guardian.ng/news/gunmen-kill-12-persons-in-plateau-federal-lawmaker-laments/', NULL, NULL, 'Sources: The Guardian', 'Secondary', 1, '2026-01-25 11:22:31', '2026-01-25 11:22:31', NULL),
(679, '2021-06-14', 5, 1, 6, 32, 650, 'Iworoko-Ekiti', 0, 0, 1, 0, 0, NULL, 0, 0, NULL, 0, 0, NULL, 'No', 0, 0, 18, 1, 22, 'Students beat armed robber to death', 'armed clash', NULL, 'Confirmed by the Ekiti spokeperson",Sunday Abutu,"in Ado-Ekiti', '1', 'https://www.premiumtimesng.com/news/more-news/467813-rescued-armed-robber-dies-of-complications-from-mob-attack-police.html', NULL, NULL, 'Sources: Premium Times', 'Secondary', 1, '2026-01-25 11:22:31', '2026-01-25 11:22:31', NULL),
(680, '2021-06-14', 8, 1, 4, 25, 488, 'Nguru', 0, 0, 2, 0, 0, NULL, 0, 0, NULL, 0, 0, NULL, 'No', 0, 0, 7, 4, 22, 'Gunmen kill Man and Nephew', 'attack', NULL, 'Eye Witness', '1', 'https://guardian.ng/news/gunmen-renew-attacks-in-imo/', NULL, NULL, 'Sources: The Guardian', 'Secondary', 1, '2026-01-25 11:22:31', '2026-01-25 11:22:31', NULL),
(681, '2021-06-14', 9, 1, 4, 25, 502, 'Isu', 0, 0, NULL, 0, 0, NULL, 0, 0, NULL, 0, 0, 1, 'No', 0, 0, 14, 4, 22, 'Kidnappers abduct a reverend sister in Imo', 'attack', NULL, 'Eye Witness', '1', 'https://guardian.ng/news/gunmen-renew-attacks-in-imo/', NULL, NULL, 'Sources: The Guardian', 'Secondary', 1, '2026-01-25 11:22:31', '2026-01-25 11:22:31', NULL),
(682, '2021-06-14', 8, 1, 3, 14, 249, 'Kaugama', 0, 0, NULL, 0, 0, NULL, 0, 0, NULL, 0, 0, 1, 'No', 0, 0, 14, 4, 22, 'Gunmen abduct former LG boss wife', 'attack', NULL, 'Confirmed by the Spokesman of Bauchi state police command","ASP Lawan Shisu', '1', 'https://dailypost.ng/2021/07/14/gunmen-kidnap-former-local-council-chairmans-wife-in-jigawa/', NULL, NULL, 'Sources: Daily post', 'Secondary', 1, '2026-01-25 11:22:31', '2026-01-25 11:22:31', NULL),
(683, '2021-06-14', 9, 1, 4, 25, 513, 'Owerri', 0, 0, NULL, 0, 0, NULL, 0, 0, NULL, 0, 0, 1, 'No', 0, 0, 14, 4, 22, 'Kidnappers abduct woman on her way to church in owerri', 'attack', NULL, 'Eye Witness', '1', 'https://guardian.ng/news/gunmen-renew-attacks-in-imo/', NULL, NULL, 'Sources: The Guardian', 'Secondary', 1, '2026-01-25 11:22:31', '2026-01-25 11:22:31', NULL),
(684, '2021-06-14', 3, 1, 5, 27, 549, 'Nembe', 0, 0, NULL, 0, 0, NULL, 0, 0, NULL, 0, 0, NULL, 'No', 0, 0, 5, 5, 22, 'One feared dead over oil survelliance job in Bayelsa', 'attack', NULL, 'Eye Witness', '1', 'https://dailypost.ng/2021/07/14/one-feared-dead-over-oil-surveillance-contract-crisis-in-bayelsa/', NULL, NULL, 'Sources: Daily post', 'Secondary', 1, '2026-01-25 11:22:31', '2026-01-25 11:22:31', NULL),
(685, '2021-06-14', 9, 1, 4, 25, 502, 'Abba', 0, 0, NULL, 0, 0, NULL, 0, 0, NULL, 0, 0, 1, 'No', 0, 0, 14, 4, 22, 'Kidnappers abduct a businessman', 'attack', NULL, 'Eye Witness', '1', 'https://guardian.ng/news/gunmen-renew-attacks-in-imo/', NULL, NULL, 'Sources: The Guardian', 'Secondary', 1, '2026-01-25 11:22:31', '2026-01-25 11:22:31', NULL),
(686, '2021-06-14', 9, 1, 4, 24, 480, 'Eha-Amufu', 0, 0, 1, 0, 0, NULL, 0, 0, NULL, 0, 0, 6, 'No', 0, 0, 14, 4, 22, 'Kidnappers abduct 6 and kill 1', 'attack', NULL, 'Eye Witness', '1', 'https://thenationonlineng.net/suspected-herdsmen-kill-man-kidnap-six-others-in-enugu-community/', NULL, NULL, 'Sources: The Nation', 'Secondary', 1, '2026-01-25 11:22:31', '2026-01-25 11:22:31', NULL),
(687, '2021-06-14', 6, 1, 5, 26, 528, 'Ikot Atasung', 0, 0, 1, 0, 0, NULL, 0, 0, 1, 0, 0, NULL, 'No', 0, 0, 8, 23, 22, 'Herders kill 1","injure 1', 'attack', NULL, 'Confirmed by the Akwa Ibom State Police Public Relations Officer",PRO,"Mr. Odiko MacDon', '1', 'https://www.vanguardngr.com/2021/06/suspected-herdsmen-attack-two-brothers-in-farm-stab-one-to-death/', NULL, NULL, 'Sources: Vanguard', 'Secondary', 1, '2026-01-25 11:22:31', '2026-01-25 11:22:31', NULL),
(688, '2021-06-15', 8, 1, 2, 12, 212, 'Zolgo', 0, 0, 5, 0, 0, NULL, 0, 0, NULL, 0, 0, NULL, 'No', 0, 0, 7, 4, 22, 'Gunmen kill 5 in Plateau', 'attack', NULL, 'Confirmed by the Police Public Relations Officer (PPRO)","ASP Gabriel Uba Ogaba', '1', 'https://guardian.ng/news/17-people-killed-in-fresh-plateau-attack/', NULL, NULL, 'Sources: The Guardian', 'Secondary', 1, '2026-01-25 11:22:31', '2026-01-25 11:22:31', NULL),
(689, '2021-06-15', 5, 1, 4, 25, 511, 'Owerri Munincipal', 0, 0, 1, 0, 0, NULL, 0, 0, NULL, 0, 0, NULL, 'No', 0, 0, 21, 4, 22, 'Army shoot civilian and parades body as terrorist', 'attack', NULL, 'Eye Witness', '1', 'http://saharareporters.com/2021/06/15/nigerian-army-police-kill-father-two-attending-funeral-parade-his-corpse-unknown-gunman', NULL, NULL, 'Sources: Saharareporters', 'Secondary', 1, '2026-01-25 11:22:31', '2026-01-25 11:22:31', NULL),
(690, '2021-06-15', 9, 1, 2, 8, 137, 'Eganyi', 0, 0, NULL, 0, 0, NULL, 0, 0, NULL, 0, 0, 1, 'No', 0, 0, 14, 4, 22, 'Royal father abducted in Kogi', 'attack', NULL, 'Confirmed by Spokesman of the Kogi state police command","DSP William Ayah', '1', 'https://guardian.ng/news/gunmen-abduct-kogi-first-class-chief-pharmacist-behead-two-soldiers-in-enugu/', NULL, NULL, 'Sources: The Guardian', 'Secondary', 1, '2026-01-25 11:22:31', '2026-01-25 11:22:31', NULL),
(691, '2021-06-15', 6, 1, 2, 7, 114, 'Odugbeho', 0, 0, 2, 0, 0, NULL, 0, 0, NULL, 0, 0, NULL, 'No', 0, 0, 8, 23, 22, 'Herders kill  2 farmers in benue', 'attack', NULL, 'Eye Witness', '1', 'https://punchng.com/11-killed-in-benue-communal-clash-herders-burn-down-houses/', NULL, NULL, 'Sources: Punch', 'Secondary', 1, '2026-01-25 11:22:31', '2026-01-25 11:22:31', NULL),
(692, '2021-06-15', 6, 1, 2, 10, 177, 'Keana', 0, 0, NULL, 0, 0, NULL, 0, 0, NULL, 0, 0, NULL, 'No', 0, 0, 21, 8, 22, 'Airforce airstrike kill 1000 cows and injure herders', 'attack', NULL, 'Eye Witness', '1', 'https://dailytrust.com/military-gunships-kill-over-1000-cows-in-nasarawa', NULL, NULL, 'Sources: Daily trust', 'Secondary', 1, '2026-01-25 11:22:31', '2026-01-25 11:22:31', NULL),
(693, '2021-06-15', 1, 1, 4, 22, 442, 'Ifite Akwa', 0, 0, 2, 0, 0, NULL, 0, 0, NULL, 0, 0, NULL, 'No', 0, 0, 11, 1, 22, 'Bakassi boys kill two robbers', 'attack', NULL, 'Eye Witness', '1', 'https://punchng.com/bakassi-boys-storm-anambra-hunt-for-suspected-cultists-six-killed/', NULL, NULL, 'Sources: Punch', 'Secondary', 1, '2026-01-25 11:22:31', '2026-01-25 11:22:31', NULL),
(694, '2021-06-15', 3, 1, 2, 7, 114, 'Ailla and Adagbo', 0, 0, 9, 0, 0, NULL, 0, 0, NULL, 0, 0, NULL, 'No', 0, 0, 5, 5, 22, 'Clash between two communities lead to 9 deaths', 'armed clash', NULL, 'Eye Witness', '1', 'https://punchng.com/11-killed-in-benue-communal-clash-herders-burn-down-houses/', NULL, NULL, 'Sources: Punch', 'Secondary', 1, '2026-01-25 11:22:31', '2026-01-25 11:22:31', NULL),
(695, '2021-06-16', 8, 1, 5, 30, 602, 'Unknown', 0, 0, 1, 0, 0, NULL, 0, 0, NULL, 0, 0, NULL, 'No', 0, 0, 7, 4, 22, 'Gunmen kill a young lady on her way to recieve call-up letter', 'attack', 'Benin-Auchi', 'Eye Witness', '1', 'https://www.newtelegraphng.com/report-herdsmen-kill-aau-graduate-on-her-way-to-collect-nysc-call-up-letter/', NULL, NULL, 'Sources: New Telegraph', 'Secondary', 1, '2026-01-25 11:22:31', '2026-01-25 11:22:31', NULL),
(696, '2021-06-16', 1, 1, 3, 15, 270, 'Tudun Wada', 0, 0, NULL, 0, 0, NULL, 0, 0, NULL, 0, 0, NULL, 'No', 0, 0, 21, 1, 22, 'Police repel attacks by  armed robbers in Kaduna', 'armed clash', NULL, 'Confirmed by the Kaduna State Police Public Relations officer ASP Muhammed Jalige', '1', 'https://www.vanguardngr.com/2021/06/robbers-escape-with-wounds-as-kaduna-police-foils-robbery-attack/', NULL, NULL, 'Sources: Vanguard', 'Secondary', 1, '2026-01-25 11:22:31', '2026-01-25 11:22:31', NULL),
(697, '2021-06-16', 8, 1, 4, 25, 508, 'Ebenato', 0, 0, 1, 0, 0, NULL, 0, 0, NULL, 0, 0, NULL, 'No', 0, 0, 7, 4, 22, 'Hoodlums set ablaze house of former attorney general and house member","also behead gateman', 'attack', NULL, 'Confirmed by the Imo State Commissioner of Police","Abutu Yaro', '1', 'https://thenationonlineng.net/just-in-hoodlums-burn-houses-of-ex-imo-ag-assembly-member/', NULL, NULL, 'Sources: The Nation', 'Secondary', 1, '2026-01-25 11:22:31', '2026-01-25 11:22:31', NULL),
(698, '2021-06-16', 8, 1, 2, 12, 215, 'Rwang Pam', 0, 0, 1, 0, 0, NULL, 0, 0, NULL, 0, 0, NULL, 'No', 0, 0, 29, 4, 22, 'Gunmen shoot stadium manager in Plateau', 'attack', NULL, 'Eye Witness', '1', 'https://guardian.ng/news/gunmen-kill-plateau-state-assistant-stadium-manager/', NULL, NULL, 'Sources: The Guardian', 'Secondary', 1, '2026-01-25 11:22:31', '2026-01-25 11:22:31', NULL),
(699, '2021-06-16', 2, 1, 3, 20, 414, 'Gora Namaye', 0, 0, 200, 0, 0, 5, 0, 0, NULL, 0, 0, NULL, 'No', 0, 0, 21, 2, 22, '5 security operatives and 200 bandits loose their lives in a gun duel with bandits', 'attack', NULL, 'Confirmed by the zamfara state policecommand spokesman",SP Muhammad Shehu,"', '1', 'https://dailytrust.com/breaking-four-policemen-many-bandits-killed-in-zamfara-gunfight', NULL, NULL, 'Sources: Daily trust | Other: https://www.thisdaylive.com/index.php/2021/06/17/four-policemen-many-bandits-killed-in-zamfara/', 'Secondary', 1, '2026-01-25 11:22:31', '2026-01-25 11:22:31', NULL),
(700, '2021-06-16', 12, 1, 1, 3, 48, 'Kwamdi', 0, 0, NULL, 0, 0, NULL, 0, 0, NULL, 0, 0, NULL, 'No', 0, 0, 10, 21, 22, 'Terrorists overun military base",destroy vehicles,"cart away weapons', 'attack', NULL, 'Eye Witness', '1', 'https://www.dailytrust.com.ng/breaking-iswap-fighters-set-military-base-on-fire-in-borno', NULL, NULL, 'Sources: Daily trust', 'Secondary', 1, '2026-01-25 11:22:31', '2026-01-25 11:22:31', NULL),
(701, '2021-06-16', 1, 1, 5, 26, 822, 'Nung Oku', 0, 0, NULL, 0, 0, NULL, 0, 0, NULL, 0, 0, NULL, 'No', 0, 0, 1, 21, 22, 'Police foils an armed robbery attempt', 'attack', NULL, 'Confirmed by  the police spokesperson in Akwa Ibom  State",Odiko MacDon,"', '1', 'https://guardian.ng/news/police-foil-robbery-attempt-recover-two-vehicles-in-akwa-ibom/', NULL, NULL, 'Sources: The Guardian', 'Secondary', 1, '2026-01-25 11:22:31', '2026-01-25 11:22:31', NULL),
(702, '2021-06-16', 9, 1, 5, 30, 602, 'Unknown', 0, 0, 2, 0, 0, 1, 0, 0, NULL, 0, 0, 1, 'No', 0, 0, 14, 21, 4, 'Kidnappers shoot 1 police","1 driver and abduct expatriate.', 'attack', 'Benin-Auchi', 'Eye Witness', '1', 'https://dailytrust.com/gunmen-kill-driver-police-officer-abduct-expatriate-in-edo', NULL, NULL, 'Sources: Daily trust', 'Secondary', 1, '2026-01-25 11:22:31', '2026-01-25 11:22:31', NULL),
(703, '2021-06-16', 9, 1, 6, 35, 810, 'Ajowa Akoko', 0, 0, 2, 0, 0, NULL, 0, 0, NULL, 0, 0, NULL, 'No', 0, 0, 14, 4, 22, 'kidnappers kill 2","abduct 2', 'attack', NULL, 'Confirmed by the Ondo Police Public Relations Officer (PPRO) in the state","Tee-Leo Ikoro', '1', 'https://tribuneonlineng.com/gunmen-kill-two-abduct-two-others-in-ondo/', NULL, NULL, 'Sources: Tribune', 'Secondary', 1, '2026-01-25 11:22:31', '2026-01-25 11:22:31', NULL),
(704, '2021-06-17', 5, 1, 5, 30, 608, 'Isihor', 0, 0, 1, 0, 0, NULL, 0, 0, NULL, 0, 0, NULL, 'No', 0, 0, 29, 4, 22, 'assasins kill university lecturer', 'attack', NULL, 'Confirmed by the Public Relations Officer of the university","Benedicta Ehanire', '1', 'https://dailypost.ng/2021/06/17/uniben-lecturer-shot-dead-in-benin/', NULL, NULL, 'Sources: Daily post', 'Secondary', 1, '2026-01-25 11:22:31', '2026-01-25 11:22:31', NULL),
(705, '2021-06-17', 2, 1, 3, 18, 381, 'Birnin Yauri', 0, 0, NULL, 0, 0, 1, 0, 0, 1, 0, 0, 85, 'No', 0, 0, 2, 4, 21, 'Bandits abduct 5 school teachers in kebbi","kill 1 security operative', 'attack', NULL, 'Confirmed by the Commissioner of Police in kebbi state","Mr Adeleke Adeyinka-Bode', '1', 'https://punchng.com/breaking-bandits-invade-kebbi-school-abduct-female-students-report/', NULL, NULL, 'Sources: Punch | Other: https://www.aljazeera.com/news/2021/6/17/policeman-killed-students-abducted-in-attack-on-nigerian-school', 'Secondary', 1, '2026-01-25 11:22:31', '2026-01-25 11:22:31', NULL),
(706, '2021-06-17', 9, 1, 1, 5, 93, 'Arufu', 0, 0, 2, 0, 0, NULL, 0, 0, NULL, 0, 0, 2, 'No', 0, 0, 14, 4, 22, 'Kidnappers kill 2 abduct 2 Chinese expatriates', 'attack', NULL, 'Confirmed by the Taraba State Immigration Public Relations Officer","Mr Ayuba Tijos', '1', 'https://punchng.com/gunmen-kill-cop-one-other-abduct-two-chinese-in-taraba/', NULL, NULL, 'Sources: Punch', 'Secondary', 1, '2026-01-25 11:22:31', '2026-01-25 11:22:31', NULL),
(707, '2021-06-17', 9, 1, 4, 24, 472, 'Unknown', 0, 0, NULL, 0, 0, NULL, 0, 0, NULL, 0, 0, 1, 'No', 0, 0, 14, 4, 22, 'Kidnappers abduct rivers united coach in enugu', 'attack', 'Enugu-Port Harcourt Expressway', 'Confirmed by Enugu State police spokesman","ASP Daniel Ndukwe', '1', 'https://dailypost.ng/2021/06/17/gunmen-kidnap-rivers-united-coach-stanley-eguma-in-enugu/', NULL, NULL, 'Sources: Daily post', 'Secondary', 1, '2026-01-25 11:22:31', '2026-01-25 11:22:31', NULL),
(708, '2021-06-17', 7, 1, 6, 37, 823, 'Unknown', 0, 0, 1, 0, 0, NULL, 0, 0, NULL, 0, 0, NULL, 'No', 0, 0, 18, 18, 22, 'Clash between Park Management System Officers and Shop Owners lead to death of 1', 'armed clash', 'Iwo Road', 'Eye Witness', '1', 'https://tribuneonlineng.com/one-killed-in-ibadan-violence/', NULL, NULL, 'Sources: Tribune', 'Secondary', 1, '2026-01-25 11:22:31', '2026-01-25 11:22:31', NULL),
(709, '2021-06-18', 9, 1, 6, 34, 689, 'Adeaga/Alaagba', 0, 0, NULL, 0, 0, 1, 0, 0, NULL, 0, 0, 4, 'No', 0, 0, 14, 4, 22, 'Kidnappers abduct 4 chinese nationals and kill 1 police officer', 'attack', NULL, 'Confirmed by the ogun state police spokesman","Abimbola Oyeyemi', '1', 'https://guardian.ng/news/gunmen-abduct-four-chinese-kill-police-officer-in-ogun/', NULL, NULL, 'Sources: The Guardian', 'Secondary', 1, '2026-01-25 11:22:31', '2026-01-25 11:22:31', NULL),
(710, '2021-06-18', 3, 1, 2, 9, 170, 'Odo-Owa', 0, 0, NULL, 0, 0, NULL, 0, 0, NULL, 0, 0, NULL, 'No', 0, 0, 18, 4, 22, 'Youths attack fulani destroy houses and burn police stattion', 'attack', NULL, 'Eye Witness', '1', 'https://dailypost.ng/2021/06/18/angry-youths-allegedly-attack-fulani-herdsmen-destroy-police-station-at-odo-owa-kwara/', NULL, NULL, 'Sources: Daily post', 'Secondary', 1, '2026-01-25 11:22:31', '2026-01-25 11:22:31', NULL),
(711, '2021-06-18', 12, 1, 1, 6, 102, 'Gujba', 0, 0, NULL, 0, 0, 3, 0, 0, NULL, 0, 0, NULL, 'No', 0, 0, 3, 21, 22, 'Insurgents killl 3 security operatives in a construction site', 'attack', NULL, 'Eye Witness', '1', 'https://www.channelstv.com/2021/06/18/three-security-officials-killed-as-insurgents-storm-yobe-community/', NULL, NULL, 'Sources: channelstv', 'Secondary', 1, '2026-01-25 11:22:31', '2026-01-25 11:22:31', NULL),
(712, '2021-06-19', 4, 1, 6, 37, 824, 'Oopo', 0, 0, 6, 0, 0, NULL, 0, 0, NULL, 0, 0, NULL, 'No', 0, 0, 24, 24, 22, 'Gang clash in Ibadan lead to 6 deaths', 'attack', NULL, 'Confirmed by Oyo state command Police Public Relations Officer","Adewale Osifeso', '1', 'https://guardian.ng/news/six-feared-killed-in-fresh-ibadan-youths-clash/', NULL, NULL, 'Sources: The Guardian', 'Secondary', 1, '2026-01-25 11:22:31', '2026-01-25 11:22:31', NULL),
(713, '2021-06-19', 2, 1, 3, 18, 381, 'Birnin Yauri', 0, 0, 1, 0, 0, NULL, 0, 0, NULL, 0, 0, NULL, 'No', 0, 0, 2, 4, 22, 'Bandits kill 1 abducted student', 'attack', NULL, 'Confirmed by the army spokesperson","Brigadier General Onyema Nwachukwu', '1', 'https://www.reuters.com/world/africa/one-kidnapped-student-dead-seven-rescued-nigerias-kebbi-state-army-says-2021-06-18/', NULL, NULL, 'Sources: Reuters', 'Secondary', 1, '2026-01-25 11:22:31', '2026-01-25 11:22:31', NULL),
(714, '2021-06-19', 3, 1, 4, 23, 469, 'Ohaukwu', 0, 0, 10, 0, 0, NULL, 0, 0, NULL, 0, 0, NULL, 'No', 0, 0, 5, 5, 22, 'Communal clash between Benue and Ebonyi leave 10 dead.', 'armed clash', NULL, 'Confirmed by Chairman of Ado LGA in Benue State","James Oche', '1', 'https://www.vanguardngr.com/2021/06/10-killed-in-fresh-benue-ebonyi-communal-conflict/', NULL, NULL, 'Sources: Vanguard', 'Secondary', 1, '2026-01-25 11:22:31', '2026-01-25 11:22:31', NULL),
(715, '2021-06-19', 6, 1, 2, 9, 169, 'Offa', 0, 0, NULL, 0, 0, NULL, 0, 0, 1, 0, 0, NULL, 'No', 0, 0, 8, 23, 22, 'Herders invade farm","injure 1', 'attack', NULL, 'Confrimed by spokesman of the Nigeria Security and Civil Defence Corps",NSCDC,in Kwara State,"Babawale Zaid Afolabi', '1', 'https://dailypost.ng/2021/06/19/herdsmen-attack-kwara-apc-spokesmans-farm-several-injured/', NULL, NULL, 'Sources: Daily post', 'Secondary', 1, '2026-01-25 11:22:31', '2026-01-25 11:22:31', NULL),
(716, '2021-06-20', 8, 1, 6, 37, 824, 'Ibadan North', 0, 0, 1, 0, 0, NULL, 0, 0, NULL, 0, 0, NULL, 'No', 0, 0, 29, 7, 22, 'Gunmen kill popular OAP in Ibadan', 'attack', NULL, 'Confirmed by Oyo state command Police Public Relations Officer","Adewale Osifeso', '1', 'https://tribuneonlineng.com/gunmen-murder-ex-naija-fm-presenter-in-ibadan/', NULL, NULL, 'Sources: Tribune', 'Secondary', 1, '2026-01-25 11:22:31', '2026-01-25 11:22:31', NULL),
(717, '2021-06-20', 8, 1, 4, 25, 509, 'Omuma', 0, 0, 1, 0, 0, NULL, 0, 0, NULL, 0, 0, NULL, 'No', 0, 0, 7, 21, 22, 'Police kill hoodlum in Imo', 'attack', NULL, 'Confirmed by the special adviser to the Commissioner of police in Imo State","Mike Abatam', '1', 'https://www.vanguardngr.com/2021/06/bandits-one-killed-others-fled-as-police-foil-attack-on-anglican-church-in-imo/', NULL, NULL, 'Sources: Vanguard', 'Secondary', 1, '2026-01-25 11:22:31', '2026-01-25 11:22:31', NULL),
(718, '2021-06-20', 12, 1, 1, 3, 44, 'Kumshe', 0, 0, 6, 0, 0, NULL, 0, 0, NULL, 0, 0, NULL, 'No', 0, 0, 21, 3, 22, 'Army foil attack by boko Haram kill 6 terrorists', 'armed clash', NULL, 'Confirmed by the army spokesperson","Brigadier General Onyema Nwachukwu', '1', 'https://www.premiumtimesng.com/news/headlines/468969-nigerian-soldiers-foil-boko-haram-attack-kill-six-terrorists-official.html', NULL, NULL, 'Sources: Premium Times', 'Secondary', 1, '2026-01-25 11:22:31', '2026-01-25 11:22:31', NULL),
(719, '2021-06-20', 3, 1, 2, 7, 113, 'Ado', 0, 0, 10, 0, 0, NULL, 0, 0, NULL, 0, 0, NULL, 'No', 0, 0, 5, 5, 22, 'Communal clash between Communities in benue and Ebonyi lead to 10 deaths', 'armed clash', NULL, 'Confirmed by the Chairman of Ado LGA","James Oche', '1', 'https://dailypost.ng/2021/06/20/10-killed-in-renewed-benue-ebonyi-communal-crisis/', NULL, NULL, 'Sources: Daily post', 'Secondary', 1, '2026-01-25 11:22:31', '2026-01-25 11:22:31', NULL),
(720, '2021-06-20', 1, 1, 2, 13, 231, 'Kasuwa-Dere', 0, 0, 1, 0, 0, NULL, 0, 0, NULL, 0, 0, NULL, 'No', 0, 0, 1, 4, 22, 'Armed robber kill woman', 'attack', NULL, 'Confirmed by ASP Yusuf Mariam",the spokesperson of the command,"', '1', 'https://guardian.ng/news/police-arrest-20-year-old-for-alleged-murder/', NULL, NULL, 'Sources: The Guardian', 'Secondary', 1, '2026-01-25 11:22:31', '2026-01-25 11:22:31', NULL),
(721, '2021-06-21', 2, 1, 2, 7, 121, 'Katsina Ala', 0, 0, 14, 0, 0, NULL, 0, 0, NULL, 0, 0, NULL, 'No', 0, 0, 2, 21, 22, 'Police kill 14 Bandits who invaded police station', 'attack', NULL, 'Confirmed by the spokesperson of the police command in Benue state","DSP Catherine Anene', '1', 'https://www.vanguardngr.com/2021/06/how-14-armed-bandits-were-killed-while-attempting-to-release-colleagues-from-police-detention-in-benue/', NULL, NULL, 'Sources: Vanguard', 'Secondary', 1, '2026-01-25 11:22:31', '2026-01-25 11:22:31', NULL),
(722, '2021-06-21', 4, 1, 6, 34, 684, 'Igbeba', 0, 0, NULL, 0, 0, 1, 0, 0, NULL, 0, 0, NULL, 'No', 0, 0, 24, 21, 22, 'Cultist kill police sergeant', 'attack', NULL, 'Confirmed by Ogun State Police Public Relations Officer of the command","DSP Abimbola Oyeyemi', '1', 'https://punchng.com/ogun-cultists-shoot-dead-off-duty-policeman-one-arrested/', NULL, NULL, 'Sources: Punch', 'Secondary', 1, '2026-01-25 11:22:31', '2026-01-25 11:22:31', NULL),
(723, '2021-06-21', 5, 1, 4, 24, 474, 'Golf Estate', 0, 0, 5, 0, 0, NULL, 0, 0, 4, 0, 0, NULL, 'No', 0, 0, 21, 4, 22, 'Police officer goes beserk kill 5 injure 4', 'attack', NULL, 'Confirmed by Enugu State police spokesman","ASP Daniel Ndukwe', '1', 'https://www.premiumtimesng.com/news/headlines/468976-five-dead-4-injured-as-police-officer-runs-berserk.html', NULL, NULL, 'Sources: Premium Times', 'Secondary', 1, '2026-01-25 11:22:31', '2026-01-25 11:22:31', NULL),
(724, '2021-06-21', 2, 1, 2, 11, 196, 'Unguwan Mallam', 0, 0, 15, 0, 0, 1, 0, 0, NULL, 0, 0, NULL, 'No', 0, 0, 21, 2, 22, 'Military kill 15 bandits","one officer dies in the battle', 'attack', NULL, 'Eye Witness', '1', 'https://tribuneonlineng.com/15-armed-bandits-one-military-personnel-killed-in-fierce-gun-duel-in-niger/', NULL, NULL, 'Sources: Nigerian Tribune', 'Secondary', 1, '2026-01-25 11:22:31', '2026-01-25 11:22:31', NULL),
(725, '2021-06-21', 12, 1, 1, 3, 55, 'Lamboa Forest', 0, 0, 20, 0, 0, NULL, 0, 0, NULL, 0, 0, NULL, 'No', 0, 0, 21, 10, 22, 'Troops neutralize 20 insurgents', 'attack', NULL, 'Confirmed by the army spokesperson","Brigadier General Onyema Nwachukwu', '1', 'https://www.channelstv.com/2021/06/21/troops-kill-over-20-boko-haram-iswap-terrorists-in-lambom-forest/', NULL, NULL, 'Sources: channelstv', 'Secondary', 1, '2026-01-25 11:22:31', '2026-01-25 11:22:31', NULL),
(726, '2021-06-21', 12, 1, 1, 3, 61, 'Gubio-Magumeri', 0, 0, 1, 0, 0, NULL, 0, 0, NULL, 0, 0, NULL, 'No', 0, 0, 21, 10, 22, 'Troops kill ISWAP Commander', 'attack', NULL, 'Eye Witness', '1', 'https://dailypost.ng/2021/06/21/iswap-one-eyed-commander-kennami-confirmed-dead-after-sulum-elimination/', NULL, NULL, 'Sources: Daily post', 'Secondary', 1, '2026-01-25 11:22:31', '2026-01-25 11:22:31', NULL),
(727, '2021-06-22', 8, 1, 6, 35, 710, 'Imoru', 0, 0, 1, 0, 0, NULL, 0, 0, NULL, 0, 0, NULL, 'No', 0, 0, 7, 4, 22, 'gunmen kill APC Chieftain in Ondo', 'attack', NULL, 'Eye Witness', '1', 'https://www.vanguardngr.com/2021/06/suspected-kidnappers-kill-ondo-apc-chieftain/', NULL, NULL, 'Sources: Vanguard', 'Secondary', 1, '2026-01-25 11:22:31', '2026-01-25 11:22:31', NULL),
(728, '2021-06-22', 2, 1, 3, 15, 264, 'Dankande', 0, 0, 1, 0, 0, NULL, 0, 0, 2, 0, 0, NULL, 'No', 0, 0, 21, 2, 22, 'Police repel attack by bandits on an Indian",kill 1 bandit,"injure 2', 'attack', NULL, 'Confirmed by kaduna State Police Public Relations Officer","Mohammed Jalige', '1', 'https://www.thecable.ng/police-stop-bandits-from-abducting-indian-expatriate-in-kaduna', NULL, NULL, 'Sources: cable', 'Secondary', 1, '2026-01-25 11:22:31', '2026-01-25 11:22:31', NULL),
(729, '2021-06-23', 3, 1, 6, 36, 741, 'Obelawo', 0, 0, NULL, 0, 0, NULL, 0, 0, NULL, 0, 0, NULL, 'No', 0, 0, 21, 21, 22, 'Shoot out as soldiers invade police station', 'attack', NULL, 'Confirmed by Osun State Police spokesperson","Yemisi Opalola', '1', 'https://tribuneonlineng.com/shoot-out-as-military-invades-police-post-to-secure-release-of-detained-colleague-in-osun/', NULL, NULL, 'Sources: Nigerian Tribune', 'Secondary', 1, '2026-01-25 11:22:31', '2026-01-25 11:22:31', NULL),
(730, '2021-06-23', 2, 1, 1, 5, 84, 'Jauro Gantang', 0, 0, 3, 0, 0, NULL, 0, 0, 1, 0, 0, NULL, 'No', 0, 0, 8, 4, 22, 'Herders kill man and two Children injure wife', 'attack', NULL, 'Confirmed by the Public Relations Officer",Nigeria Immigration Service,"Ayuba Tijos', '1', 'https://tribuneonlineng.com/suspected-herdsmen-kill-man-two-children-in-taraba/', NULL, NULL, 'Sources: Nigerian Tribune', 'Secondary', 1, '2026-01-25 11:22:31', '2026-01-25 11:22:31', NULL),
(731, '2021-06-23', 4, 1, 5, 26, 517, 'Idung Afianwe', 0, 0, 3, 0, 0, NULL, 0, 0, NULL, 0, 0, NULL, 'No', 0, 0, 24, 24, 22, '3 die as rival cults clash', 'armed clash', NULL, 'Eye Witness', '1', 'https://www.pulse.ng/news/metro/3-dead-as-cultists-fight-over-woman-in-akwa-ibom/qjfqnmj', NULL, NULL, 'Sources: Pulse ng', 'Secondary', 1, '2026-01-25 11:22:31', '2026-01-25 11:22:31', NULL),
(732, '2021-06-24', 9, 1, 6, 37, 755, 'Araromi', 0, 0, NULL, 0, 0, NULL, 0, 0, NULL, 0, 0, 2, 'No', 0, 0, 14, 4, 22, 'Kidnappers abduct Village head and wife in Oyo', 'attack', NULL, 'Confirmed by Oyo state command Police Public Relations Officer","Adewale Osifeso', '1', 'https://thenationonlineng.net/village-head-wife-abducted-by-gunmen-in-ibadan/', NULL, NULL, 'Sources: The Nation', 'Secondary', 1, '2026-01-25 11:22:31', '2026-01-25 11:22:31', NULL),
(733, '2021-06-24', 2, 1, 3, 15, 268, 'Kachia', 0, 0, 1, 0, 0, NULL, 0, 0, 5, 0, 0, 33, 'No', 0, 0, 2, 4, 22, 'Bandits storm Kachia Kill 1","abduct 33 and injure 5', 'attack', NULL, 'Eye Witness', '1', 'https://thenationonlineng.net/bandits-kidnap-33-kill-one-injure-five-in-southern-kaduna/', NULL, NULL, 'Sources: The Nation', 'Secondary', 1, '2026-01-25 11:22:31', '2026-01-25 11:22:31', NULL),
(734, '2021-06-25', 1, 1, 6, 37, 818, 'Bodija-Ashi', 0, 0, 1, 0, 0, NULL, 0, 0, NULL, 0, 0, NULL, 'No', 0, 0, 1, 4, 22, 'Armed robbers kill Ex-commissioners wife', 'attack', NULL, 'Confirmed by Oyo state command Police Public Relations Officer","Adewale Osifeso', '1', 'https://punchng.com/armed-robbers-kill-oyo-ex-commissioners-wife/', NULL, NULL, 'Sources: Punch', 'Secondary', 1, '2026-01-25 11:22:31', '2026-01-25 11:22:31', NULL),
(735, '2021-06-25', 9, 1, 2, 13, 231, 'Tungan Maje', 0, 0, NULL, 0, 0, NULL, 0, 0, NULL, 0, 0, 9, 'No', 0, 0, 14, 4, 22, 'Ex-lawmaker kidnapped alongside 8 others', 'attack', NULL, 'Confirmed by ASP Mariam Yusuf","Abuja Public Relations Officer', '1', 'https://punchng.com/gunmen-abduct-ex-kogi-lawmaker-eight-others-in-abuja/', NULL, NULL, 'Sources: Punch', 'Secondary', 1, '2026-01-25 11:22:31', '2026-01-25 11:22:31', NULL),
(736, '2021-06-26', 2, 1, 3, 20, 410, 'Bingi', 0, 0, 5, 0, 0, NULL, 0, 0, NULL, 0, 0, NULL, 'No', 0, 0, 21, 2, 22, 'troops neutralize 5 bandits in Zamfara', 'attack', NULL, 'Confirmed by the army spokesperson","Brigadier General Onyema Nwachukwu', '1', 'https://www.vanguardngr.com/2021/06/troops-neutralize-scores-of-bandits-in-fierce-encounter-in-zamfara-recover-arms-ammunition/', NULL, NULL, 'Sources: Vanguard', 'Secondary', 1, '2026-01-25 11:22:31', '2026-01-25 11:22:31', NULL),
(737, '2021-06-26', 4, 1, 2, 7, 125, 'Main Market', 0, 0, 1, 0, 0, NULL, 0, 0, NULL, 0, 0, NULL, 'No', 0, 0, 24, 24, 22, 'Cultists kill rival gang member', 'attack', NULL, 'Confirmed by the spokesperson of the police command in Benue state","DSP Catherine Anene', '1', 'https://tribuneonlineng.com/two-feared-killed-in-benue/', NULL, NULL, 'Sources: Nigerian Tribune', 'Secondary', 1, '2026-01-25 11:22:31', '2026-01-25 11:22:31', NULL),
(738, '2021-06-26', 1, 1, 2, 7, 125, 'Demekpe', 0, 0, 1, 0, 0, NULL, 0, 0, NULL, 0, 0, NULL, 'No', 0, 0, 11, 1, 22, 'Vigilante kill motorcycle thief', 'attack', NULL, 'Confirmed by the spokesperson of the police command in Benue state","DSP Catherine Anene', '1', 'https://tribuneonlineng.com/two-feared-killed-in-benue/', NULL, NULL, 'Sources: Nigerian Tribune', 'Secondary', 1, '2026-01-25 11:22:31', '2026-01-25 11:22:31', NULL),
(739, '2021-06-26', 1, 1, 2, 8, 147, 'Lokoja', 0, 0, NULL, 0, 0, NULL, 0, 0, NULL, 0, 0, NULL, 'No', 0, 0, 1, 4, 22, 'Armed robbers attack kogi state house of assembly. Cart away valuables', 'attack', NULL, 'Confirmed by the speaker","Rt Hon Matthew Kolawole', '1', 'https://leadership.ng/armed-robbers-raid-kogi-assembly/', NULL, NULL, 'Sources: Leadership', 'Secondary', 1, '2026-01-25 11:22:31', '2026-01-25 11:22:31', NULL);
INSERT INTO `conflicts` (`id`, `incidence_date`, `conflict_type_id`, `country_id`, `region_id`, `state_id`, `lga_id`, `community`, `civilian_death_male`, `civilian_death_female`, `civilian_death_unknown`, `security_death_male`, `security_death_female`, `security_death_unknown`, `injured_male`, `injured_female`, `injured_unknown`, `kidnapped_male`, `kidnapped_female`, `kidnapped_unknown`, `displaced_persons`, `displaced_male`, `displaced_female`, `actor_1`, `actor_2`, `actor_3`, `description`, `action`, `highway_roads_water`, `confirmation_verification`, `verification_level`, `source_url`, `source_contact_details`, `source_contact_pictures`, `source_metadata`, `data_source`, `reporter_id`, `created_at`, `updated_at`, `deleted_at`) VALUES
(740, '2021-06-26', 9, 1, 3, 15, 268, 'Unknown', 0, 0, NULL, 0, 0, NULL, 0, 0, NULL, 0, 0, 1, 'No', 0, 0, 14, 4, 22, 'Kidnappers abduct Local government vice chairman', 'attack', 'Kaduna-Kachia', 'Eye Witness', '1', 'http://saharareporters.com/2021/06/26/bandits-abduct-local-government-vice-chairman-kaduna-demand-n100m', NULL, NULL, 'Sources: Saharareporters', 'Secondary', 1, '2026-01-25 11:22:31', '2026-01-25 11:22:31', NULL),
(741, '2021-06-26', 2, 1, 3, 20, 417, 'Talata Mafara', 0, 0, NULL, 0, 0, NULL, 0, 0, NULL, 0, 0, NULL, 'No', 0, 0, 21, 2, 22, 'Troops neutralize unspecified number of bandits', 'attack', NULL, 'Confirmed by the army spokesperson","Brigadier General Onyema Nwachukwu', '1', 'https://www.vanguardngr.com/2021/06/troops-neutralise-scores-of-bandits-in-zamfara-army/', NULL, NULL, 'Sources: Vanguard', 'Secondary', 1, '2026-01-25 11:22:31', '2026-01-25 11:22:31', NULL),
(742, '2021-06-26', 8, 1, 6, 35, 707, 'Okitipupa', 0, 0, NULL, 0, 0, NULL, 0, 0, NULL, 0, 0, NULL, 'No', 0, 0, 7, 4, 22, 'Gunmen rob","rape and molest university students', 'attack', NULL, 'Eye Witness', '1', 'https://www.vanguardngr.com/2021/06/ondo-varsity-shut-as-gunmen-rape-four-female-students/', NULL, NULL, 'Sources: Vanguard', 'Secondary', 1, '2026-01-25 11:22:31', '2026-01-25 11:22:31', NULL),
(743, '2021-06-27', 8, 1, 4, 25, 509, 'Awomamma', 0, 0, 1, 0, 0, NULL, 0, 0, NULL, 0, 0, NULL, 'No', 0, 0, 7, 4, 22, 'ESN members kill native doctor over failed charms', 'attack', NULL, 'Confirmed by the special adviser to the Commissioner of police in Imo State","Mike Abatam', '1', 'https://dailypost.ng/2021/06/27/esn-kills-beheads-native-doctor-over-charm-failure/', NULL, NULL, 'Sources: Vanguard', 'Secondary', 1, '2026-01-25 11:22:31', '2026-01-25 11:22:31', NULL),
(744, '2021-06-27', 9, 1, 2, 8, 784, 'Unknown', 0, 0, 2, 0, 0, NULL, 0, 0, NULL, 0, 0, NULL, 'No', 0, 0, 21, 14, 22, 'Police kill 2 kidnappers in clash', 'armed clash', NULL, 'Eye Witness', '1', 'https://tribuneonlineng.com/two-killed-others-arrested-as-jtf-apprehends-kidnappers-in-kogi/', NULL, NULL, 'Sources: Nigerian Tribune', 'Secondary', 1, '2026-01-25 11:22:31', '2026-01-25 11:22:31', NULL),
(745, '2021-06-27', 8, 1, 4, 25, 504, 'Izombe', 0, 0, NULL, 0, 0, NULL, 0, 0, NULL, 0, 0, NULL, 'No', 0, 0, 21, 7, 22, 'Police raid ESN hideout in Oguta recover weapons","charms and drugs', 'attack', NULL, 'Confirmed by the special adviser to the Commissioner of police in Imo State","Mike Abatam', '1', 'https://guardian.ng/news/imo-police-storm-ipob-esn-camps-arrest-commander-recover-items/', NULL, NULL, 'Sources: The Guardian', 'Secondary', 1, '2026-01-25 11:22:31', '2026-01-25 11:22:31', NULL),
(746, '2021-06-27', 9, 1, 6, 32, 640, 'Ekiti East', 0, 0, NULL, 0, 0, NULL, 0, 0, NULL, 0, 0, 1, 'No', 0, 0, 14, 4, 22, 'Kidnappers abduct royal father', 'attack', NULL, 'Eye Witness', '1', 'https://www.premiumtimesng.com/regional/ssouth-west/470174-gunmen-abduct-another-ekiti-traditional-ruler.html', NULL, NULL, 'Sources: Premium Times', 'Secondary', 1, '2026-01-25 11:22:31', '2026-01-25 11:22:31', NULL),
(747, '2021-06-27', 8, 1, 4, 25, 495, 'Atta', 0, 0, NULL, 0, 0, NULL, 0, 0, NULL, 0, 0, NULL, 'No', 0, 0, 21, 7, 22, 'Police raid ESN hideout in Ikeduru recover weapons","charms and drugs', 'attack', NULL, 'Confirmed by the special adviser to the Commissioner of police in Imo State","Mike Abatam', '1', 'https://guardian.ng/news/imo-police-storm-ipob-esn-camps-arrest-commander-recover-items/', NULL, NULL, 'Sources: The Guardian', 'Secondary', 1, '2026-01-25 11:22:31', '2026-01-25 11:22:31', NULL),
(748, '2021-06-27', 9, 1, 6, 32, 790, 'Unknown', 0, 0, NULL, 0, 0, NULL, 0, 0, NULL, 0, 0, NULL, 'No', 0, 0, 14, 4, 22, 'Students kidnap colleague demand for 2.2m ransom', 'attack', 'Ado-Ilawe', 'Confirmed by  Police Public  Rations Officer",Ekiti Command,"ASP Sunday Abutu', '1', 'https://tribuneonlineng.com/polytechnic-students-kidnap-colleague-collect-n2-2m-ransom-in-ekiti/', NULL, NULL, 'Sources: Nigerian Tribune', 'Secondary', 1, '2026-01-25 11:22:31', '2026-01-25 11:22:31', NULL),
(749, '2021-06-27', 2, 1, 3, 15, 282, 'Gidan Zaki', 0, 0, NULL, 0, 0, NULL, 0, 0, NULL, 0, 0, NULL, 'No', 0, 0, 2, 21, 22, 'Troops repel bandit attack in Zagon Kataf', 'attack', NULL, 'Confirmed by the The Commissioner for Internal Security and Home Affairs in Kaduna","Samuel Aruwan', '1', 'https://www.vanguardngr.com/2021/06/troops-avert-attacks-in-southern-kaduna/', NULL, NULL, 'Sources: Vanguard', 'Secondary', 1, '2026-01-25 11:22:31', '2026-01-25 11:22:31', NULL),
(750, '2021-06-27', 1, 1, 5, 29, 588, 'Amukpe', 0, 0, 1, 0, 0, NULL, 0, 0, NULL, 0, 0, NULL, 'No', 0, 0, 1, 21, 22, 'Police kill popular armed robber \""Fowlboy\""', 'armed clash', NULL, 'Confirmed by the Delta State Police Public Relations Officer","Mr. Bright Edafe', '1', 'https://dailypost.ng/2021/06/27/jubilation-in-delta-as-police-gun-down-notorious-armed-robber-fowlboy/', NULL, NULL, 'Sources: Daily post', 'Secondary', 1, '2026-01-25 11:22:31', '2026-01-25 11:22:31', NULL),
(751, '2021-06-27', 6, 1, 5, 31, 825, 'Egbeda', 0, 0, 1, 0, 0, NULL, 0, 0, NULL, 0, 0, NULL, 'No', 0, 0, 8, 23, 22, 'Herders kill 26 year old in Rivers State', 'attack', NULL, 'Confirmed by River State Police Public Relations Officer","Nnamdi Omoni', '1', 'https://www.vanguardngr.com/2021/06/panic-in-rivers-community-as-herdsman-kills-26-yr-old-man/', NULL, NULL, 'Sources: Vanguard', 'Secondary', 1, '2026-01-25 11:22:31', '2026-01-25 11:22:31', NULL),
(752, '2021-06-27', 8, 1, 4, 25, 492, 'Ideato North', 0, 0, NULL, 0, 0, NULL, 0, 0, NULL, 0, 0, NULL, 'No', 0, 0, 21, 7, 22, 'Police raid ESN hideout in Ideato North recover weapons","charms and drugs', 'attack', NULL, 'Confirmed by the special adviser to the Commissioner of police in Imo State","Mike Abatam', '1', 'https://guardian.ng/news/imo-police-storm-ipob-esn-camps-arrest-commander-recover-items/', NULL, NULL, 'Sources: The Guardian', 'Secondary', 1, '2026-01-25 11:22:31', '2026-01-25 11:22:31', NULL),
(753, '2021-06-28', 2, 1, 2, 9, 169, 'Unknown', 0, 0, 1, 0, 0, NULL, 0, 0, NULL, 0, 0, 1, 'No', 0, 0, 7, 4, 22, 'Gunmen kill pregnant woman abduct husband in offa","kwara State', 'attack', 'Offa-Ojoku Road', 'Confirmed by the Police Public Relations Officer (PPRO)","Ajayi Okasanmi', '1', 'https://dailypost.ng/2021/06/28/unknown-gunmen-kill-pregnant-woman-abduct-husband-in-kwara/', NULL, NULL, 'Sources: Daily post', 'Secondary', 1, '2026-01-25 11:22:31', '2026-01-25 11:22:31', NULL),
(754, '2021-06-28', 8, 1, 6, 36, 741, 'Osogbo', 0, 0, 1, 0, 0, NULL, 0, 0, 9, 0, 0, NULL, 'No', 0, 0, 26, 4, 21, 'Hoodlums dressed as masquerade attack mosque. 1 shot and 9 injured', 'attack', NULL, 'Eye Witness', '1', 'https://punchng.com/one-shot-dead-nine-others-injured-as-masquerade-attacks-mosque-in-osogbo/', NULL, NULL, 'Sources: Punch', 'Secondary', 1, '2026-01-25 11:22:31', '2026-01-25 11:22:31', NULL),
(755, '2021-06-28', 9, 1, 6, 36, 726, 'Ora-Igbomina', 0, 0, NULL, 0, 0, NULL, 0, 0, NULL, 0, 0, 1, 'No', 0, 0, 14, 4, 22, 'Kidnappers abduct 1', 'attack', NULL, 'Eye Witness', '1', 'https://thenationonlineng.net/breaking-gunmen-abduct-one-in-osun-community/', NULL, NULL, 'Sources: The Nation', 'Secondary', 1, '2026-01-25 11:22:31', '2026-01-25 11:22:31', NULL),
(756, '2021-06-28', 12, 1, 1, 3, 782, 'Bula Yobe', 0, 0, 12, 0, 0, 2, 0, 0, 5, 0, 0, NULL, 'No', 0, 0, 3, 21, 22, 'Boko Haram/ISWAP attack military base. 12 Insurgents and 2 soldiers die. 5 soldiers injured', 'attack', NULL, 'Confirmed by the army spokesperson","Brigadier General Onyema Nwachukwu', '1', 'https://thenationonlineng.net/just-in-troops-kill-12-boko-haram-terrorists-recover-gun-trucks-arms/', NULL, NULL, 'Sources: The Nation', 'Secondary', 1, '2026-01-25 11:22:31', '2026-01-25 11:22:31', NULL),
(757, '2021-06-28', 8, 1, 2, 12, 225, 'Byei', 0, 0, 1, 0, 0, NULL, 0, 0, 1, 0, 0, NULL, 'No', 0, 0, 7, 8, 22, 'Gunmen shoot 1 herder","injure 1 and kill 5 cows', 'attack', NULL, 'Confirmed by he police spokesman","ASP Ubah Gabriel', '1', 'https://dailytrust.com/gunmen-kill-herder-injure-one-in-fresh-plateau-attack', NULL, NULL, 'Sources: Daily trust', 'Secondary', 1, '2026-01-25 11:22:31', '2026-01-25 11:22:31', NULL),
(758, '2021-06-30', 9, 1, 2, 8, 151, 'Abobo', 0, 0, 2, 0, 0, NULL, 0, 0, NULL, 0, 0, NULL, 'No', 0, 0, 21, 14, 22, 'Security forces kill two kidnappers about to receive ransome', 'attack', NULL, 'Confirmed by Mr Onogwu Muhammed","Chief Press Secretary to the Kogi governor', '1', 'https://dailypost.ng/2021/06/30/police-kill-kidnappers-at-ransom-collection-point-in-kogi/', NULL, NULL, 'Sources: Daily post', 'Secondary', 1, '2026-01-25 11:22:31', '2026-01-25 11:22:31', NULL),
(759, '2021-06-30', 2, 1, 3, 17, 341, 'Unknown', 0, 0, NULL, 0, 0, NULL, 0, 0, 3, 0, 0, NULL, 'No', 0, 0, 2, 21, 22, 'Bandits attack Kano State govenors convey","injure 3 security officers', 'attack', 'Zamfara - Kano Highway', 'Eye Witness', '1', 'https://www.vanguardngr.com/2021/06/gandujes-convoy-narrowly-escapes-gunmen-attack-3-policemen-sustain-injuries/', NULL, NULL, 'Sources: Vanguard', 'Secondary', 1, '2026-01-25 11:22:31', '2026-01-25 11:22:31', NULL),
(760, '2021-06-30', 2, 1, 3, 17, 341, 'Unknown', 0, 0, 1, 0, 0, NULL, 0, 0, NULL, 0, 0, 1, 'No', 0, 0, 2, 4, 22, 'Bandits kill a Zamfara lawmaker and abduct son', 'attack', 'Shema- Funtua Road', 'Confirmed by the Zamfara governor’s spokesperson","Yusuf Idris', '1', 'https://www.premiumtimesng.com/news/headlines/470733-breaking-zamfara-lawmaker-shot-dead-after-defecting-to-apc.html', NULL, NULL, 'Sources: Premium Times | Other: https://www.tvcnews.tv/gunmen-kill-zamfara-house-of-assembly-member-abduct-son/', 'Secondary', 1, '2026-01-25 11:22:31', '2026-01-25 11:22:31', NULL),
(761, '2021-07-01', 4, 1, 5, 30, 608, 'Benin', 0, 0, 1, 0, 0, NULL, 0, 0, 1, 0, 0, NULL, 'No', 0, 0, 24, 24, 22, 'Cultist attack and kill rival undergraduate member', 'attack', NULL, 'Confirmed by spokesman of the Edo State Police Command","SP Bello Kontongs', '1', 'https://www.sunnewsonline.com/final-year-uniben-student-killed-another-shot-by-suspected-cultists/', NULL, NULL, 'Sources: The Sun', 'Secondary', 1, '2026-01-25 11:22:31', '2026-01-25 11:22:31', NULL),
(762, '2021-07-01', 4, 1, 5, 30, 608, 'Unknown', 0, 0, NULL, 0, 0, NULL, 0, 0, 1, 0, 0, NULL, 'No', 0, 0, 24, 24, 22, 'Cultist shoot and injure rival member', 'attack', 'Benin-Ore', 'Confirmed by spokesman of the Edo State Police Command","SP Bello Kontongs', '1', 'https://www.sunnewsonline.com/final-year-uniben-student-killed-another-shot-by-suspected-cultists/', NULL, NULL, 'Sources: The Sun', 'Secondary', 1, '2026-01-25 11:22:31', '2026-01-25 11:22:31', NULL),
(763, '2021-07-01', 9, 1, 2, 8, 137, 'Emiworo', 0, 0, NULL, 0, 0, NULL, 0, 0, NULL, 0, 0, 8, 'No', 0, 0, 14, 4, 22, 'Kidnappers abduct 8 ceramic workers', 'attack', NULL, 'Confirmed by the police public relations officer in Kogi State","DSP William Ovye Aya', '1', 'https://guardian.ng/news/unknown-gunmen-kidnap-eight-ceramic-workers-in-kogi/', NULL, NULL, 'Sources: The Guardian', 'Secondary', 1, '2026-01-25 11:22:31', '2026-01-25 11:22:31', NULL),
(764, '2021-07-01', 1, 1, 6, 32, 652, 'Otun Ekiti', 0, 0, NULL, 0, 0, 1, 0, 0, NULL, 0, 0, NULL, 'No', 0, 0, 1, 21, 22, 'Armed robbers kill police officer', 'attack', NULL, 'Confirmed by  Police Public  Rations Officer",Ekiti Command,"ASP Sunday Abutu', '1', 'https://www.premiumtimesng.com/regional/ssouth-west/471124-police-officer-killed-as-robbers-raid-bank-in-ekiti.html', NULL, NULL, 'Sources: Premium Times', 'Secondary', 1, '2026-01-25 11:22:31', '2026-01-25 11:22:31', NULL),
(765, '2021-07-01', 2, 1, 3, 17, 336, 'Danmusa', 0, 0, 3, 0, 0, NULL, 0, 0, NULL, 0, 0, NULL, 'No', 0, 0, 2, 4, 22, 'Bandits kill 3 in Katsina', 'attack', NULL, 'Eye Witness', '1', 'http://saharareporters.com/2021/07/01/again-bandits-attack-president-buhari%E2%80%99s-home-state-kill-three-abduct-businessman', NULL, NULL, 'Sources: Saharareporters', 'Secondary', 1, '2026-01-25 11:22:31', '2026-01-25 11:22:31', NULL),
(766, '2021-07-02', 6, 1, 2, 12, 225, 'Ganawuri', 0, 0, 2, 0, 0, NULL, 0, 0, NULL, 0, 0, NULL, 'No', 0, 0, 8, 23, 22, 'Two killed by suspected herders', 'attack', NULL, 'Eye Witness', '1', 'https://www.premiumtimesng.com/news/top-news/471309-two-killed-in-fresh-attack-in-plateau-community.html', NULL, NULL, 'Sources: Premium Times', 'Secondary', 1, '2026-01-25 11:22:31', '2026-01-25 11:22:31', NULL),
(767, '2021-07-02', 6, 1, 2, 12, 216, 'Choi', 0, 0, 6, 0, 0, NULL, 0, 0, NULL, 0, 0, NULL, 'No', 0, 0, 23, 8, 22, '6 persons and 5 cows killed in Plateau', 'attack', NULL, 'Confirmed by the plateau state police spokesperson","Gabriel Ubah', '1', 'https://dailytrust.com/again-7-herders-killed-in-plateau', NULL, NULL, 'Sources: Daily trust', 'Secondary', 1, '2026-01-25 11:22:31', '2026-01-25 11:22:31', NULL),
(768, '2021-07-02', 12, 1, 1, 3, 782, 'Bula Yobe', 0, 0, 37, 0, 0, NULL, 0, 0, NULL, 0, 0, NULL, 'No', 0, 0, 21, 10, 22, 'Troops neutralize 37 insurgents', 'attack', NULL, 'Eye Witness', '1', 'https://punchng.com/troops-kill-37-terrorists-in-yobe/', NULL, NULL, 'Sources: Punch', 'Secondary', 1, '2026-01-25 11:22:31', '2026-01-25 11:22:31', NULL),
(769, '2021-07-02', 4, 1, 2, 9, 164, 'Idiagbon', 0, 0, 1, 0, 0, NULL, 0, 0, NULL, 0, 0, NULL, 'No', 0, 0, 24, 24, 22, 'Cultists kill rival gang member', 'attack', NULL, 'Confirmed by the Kwara state Police Public Relations Officer (PPRO)","Ajayi Okasanmi', '1', 'https://dailytrust.com/5-people-killed-in-kwara-cult-clash-as-police-arrest-10', NULL, NULL, 'Sources: Daily trust', 'Secondary', 1, '2026-01-25 11:22:31', '2026-01-25 11:22:31', NULL),
(770, '2021-07-02', 4, 1, 2, 9, 164, 'Erubu', 0, 0, 2, 0, 0, NULL, 0, 0, NULL, 0, 0, NULL, 'No', 0, 0, 24, 24, 22, 'Cultists kill rival gang member', 'attack', NULL, 'Confirmed by the Kwara state Police Public Relations Officer (PPRO)","Ajayi Okasanmi', '1', 'https://dailytrust.com/5-people-killed-in-kwara-cult-clash-as-police-arrest-10', NULL, NULL, 'Sources: Daily trust', 'Secondary', 1, '2026-01-25 11:22:31', '2026-01-25 11:22:31', NULL),
(771, '2021-07-02', 6, 1, 2, 10, 183, 'Ome', 0, 0, NULL, 0, 0, NULL, 0, 0, 1, 0, 0, NULL, 'No', 0, 0, 8, 23, 22, 'Herders amputate farmers hand', 'attack', NULL, 'Confirmed by the Police Public Relations Officer","Asp Nancel Rahman', '1', 'https://www.sunnewsonline.com/suspected-herdsmen-amputate-farmer-in-nasarawa/', NULL, NULL, 'Sources: The Sun', 'Secondary', 1, '2026-01-25 11:22:31', '2026-01-25 11:22:31', NULL),
(772, '2021-07-02', 5, 1, 6, 37, 766, 'Soka', 0, 0, 2, 0, 0, NULL, 0, 0, NULL, 0, 0, NULL, 'No', 0, 0, 21, 4, 22, 'Secuirty agents attack Sunday Igboho\'s residence'",attack,\N,Eye Witness,1,https://guardian.ng/news/outrage-as-gunmen-attack-igbohos-residence-kill-two-abduct-others/,\N,\N,Sources: The Guardian,Secondary,1,2026-01-25 11:22:31,2026-01-25 11:22:31,\N
773,2021-07-03,2,1,2,9,170,Kajola,0,0,1,0,0,\N,0,0,\N,0,0,\N,No,0,0,28,4,22,"Man kills father, sells body parts to ritualists",attack,\N,"Confirmed by the Kwara state Police Public Relations Officer (PPRO), Ajayi Okasanmi",1,https://punchng.com/son-kills-dad-sells-body-parts-to-ritualists-in-kwara/,\N,\N,Sources: Punch,Secondary,1,2026-01-25 11:22:31,2026-01-25 11:22:31,\N
774,2021-07-03,4,1,5,26,545,Uyo Metropolis,0,0,1,0,0,\N,0,0,1,0,0,\N,No,0,0,24,24,22,Cultists attack lead to 1 death and 1 injured,attack,\N,Eye Witness,1,https://guardian.ng/news/army-kills-37-iswap-terrorists-in-borno/,\N,\N,Sources: The Guardian,Secondary,1,2026-01-25 11:22:31,2026-01-25 11:22:31,\N
775,2021-07-03,2,1,3,15,262,Chikun,0,0,4,0,0,\N,0,0,\N,0,0,\N,No,0,0,2,4,22,Bandits kill 4 in Chikun,attack,\N,"Confirmed by the The Commissioner for Internal Security and Home Affairs in Kaduna, Samuel Aruwan",1,https://www.channelstv.com/2021/07/03/bandits-kill-seven-kidnap-10-in-fresh-kaduna-attacks/,\N,\N,Sources: channelstv,Secondary,1,2026-01-25 11:22:31,2026-01-25 11:22:31,\N
776,2021-07-03,2,1,3,15,263,Giwa,0,0,1,0,0,\N,0,0,\N,0,0,\N,No,0,0,2,4,22,Bandits kill 1 in Giwa,attack,\N,"Confirmed by the The Commissioner for Internal Security and Home Affairs in Kaduna, Samuel Aruwan",1,https://www.channelstv.com/2021/07/03/bandits-kill-seven-kidnap-10-in-fresh-kaduna-attacks/,\N,\N,Sources: channelstv,Secondary,1,2026-01-25 11:22:31,2026-01-25 11:22:31,\N
777,2021-07-03,2,1,3,15,272,Iri Station,0,0,2,0,0,\N,0,0,\N,0,0,10,No,0,0,2,4,22,"Bandits abduct 10, kill 2",attack,\N,"Confirmed by the The Commissioner for Internal Security and Home Affairs in Kaduna, Samuel Aruwan",1,https://www.channelstv.com/2021/07/03/bandits-kill-seven-kidnap-10-in-fresh-kaduna-attacks/,\N,\N,Sources: channelstv,Secondary,1,2026-01-25 11:22:31,2026-01-25 11:22:31,\N
778,2021-07-03,7,1,6,33,666,Ojota,0,0,1,0,0,\N,0,0,\N,0,0,\N,No,0,0,21,4,22,Stray bullet his a Yogurt seller in Yoruba nation rally,attack,\N,Eye Witness,1,https://punchng.com/breaking-yoruba-nation-14-year-old-drink-seller-killed-by-stray-bullet-in-lagos/,\N,\N,Sources: Punch,Secondary,1,2026-01-25 11:22:31,2026-01-25 11:22:31,\N
779,2021-07-04,2,1,3,15,283,Saye District,0,0,\N,0,0,\N,0,0,\N,0,0,8,No,0,0,2,4,22,Bandits attack tuberculosis hospital abduct 8 in Kaduna,attack,\N,"Confirmed by the The Commissioner for Internal Security and Home Affairs in Kaduna, Samuel Aruwan",1,https://www.premiumtimesng.com/regional/nwest/471663-gunmen-storm-hospital-in-kaduna-abduct-nurses-babies-security-guards.html,\N,\N,Sources: Premium Times | Other: https://www.bbc.com/news/world-africa-57636851,Secondary,1,2026-01-25 11:22:31,2026-01-25 11:22:31,\N
780,2021-07-04,12,1,1,3,57,Unknown,0,0,28,0,0,3,0,0,\N,0,0,\N,No,0,0,21,10,22,Troops kill 28 terrorists,attack,Damaturu-Maiduguri,Eye Witness,1,https://leadership.ng/3-policemen-die-as-troops-kill-28-terrorists-on-damaturu-maiduguri-road/,\N,\N,Sources: Leadership | Other: https://independent.ng/troops-kill-28-boko-haram-terrorists-along-damaturu-maiduguri-highway/,Secondary,1,2026-01-25 11:22:31,2026-01-25 11:22:31,\N
781,2021-07-05,5,1,4,24,474,Independence Layout,0,0,1,0,0,\N,0,0,\N,0,0,\N,No,0,0,29,4,22,Assasins kill man in Enugu,attack,\N,"Confirmed by Enugu State police spokesman , ASP Daniel Ndukwe",1,https://www.newtelegraphng.com/gunmen-assassinate-owner-of-popular-automobile-body-repair-shop-in-enugu/,\N,\N,Sources: New Telegraph,Secondary,1,2026-01-25 11:22:31,2026-01-25 11:22:31,\N
782,2021-07-05,2,1,3,15,262,Maraban Rido,0,0,\N,0,0,\N,0,0,\N,0,0,140,No,0,0,2,4,22,bandits kidnap 140 students in baptist school Kaduna State,attack,\N,"Confirmed by kaduna State Police Public Relations Officer, Mohammed Jalige",1,https://guardian.ng/news/gunmen-kidnap-140-school-students-in-kaduna/,\N,\N,Sources: The Guardian,Secondary,1,2026-01-25 11:22:31,2026-01-25 11:22:31,\N
783,2021-07-05,2,1,2,7,117,Gboko East,0,0,2,0,0,\N,0,0,\N,0,0,\N,No,0,0,29,4,22,Two children killed in Benue,attack,\N,Eye Witness,1,https://thenationonlineng.net/two-abducted-kids-killed-in-benue/,\N,\N,Sources: The Nation,Secondary,1,2026-01-25 11:22:31,2026-01-25 11:22:31,\N
784,2021-07-05,4,1,5,30,598,Ugbowo Quarters,0,0,1,0,0,\N,0,0,\N,0,0,\N,No,0,0,24,11,22,Vigilante member killed by suspected cultists,attack,\N,Eye Witness,1,https://guardian.ng/news/cult-violence-claims-one-in-edo-state/,\N,\N,Sources: The Guardian,Secondary,1,2026-01-25 11:22:31,2026-01-25 11:22:31,\N
785,2021-07-05,12,1,1,3,52,Unknown,0,0,5,0,0,\N,0,0,\N,0,0,\N,No,0,0,21,3,22,Troops neutralize 5 terrorists,armed clash,Ngoshe –Ashigashiya Road,"Confirmed by the army spokesperson, Brigadier General Onyema Nwachukwu",1,https://www.premiumtimesng.com/news/more-news/471698-troops-eliminate-11-terrorists-recover-arms-fuel-official.html,\N,\N,Sources: Premium Times,Secondary,1,2026-01-25 11:22:31,2026-01-25 11:22:31,\N
786,2021-07-05,12,1,1,3,61,Tungushe,0,0,6,0,0,\N,0,0,\N,0,0,\N,No,0,0,21,3,22,Troops neutralize 6 terrorists,attack,\N,"Confirmed by the army spokesperson, Brigadier General Onyema Nwachukwu",1,https://www.premiumtimesng.com/news/more-news/471698-troops-eliminate-11-terrorists-recover-arms-fuel-official.html,\N,\N,Sources: Premium Times,Secondary,1,2026-01-25 11:22:31,2026-01-25 11:22:31,\N
787,2021-07-05,8,1,4,25,508,Orsu,0,0,\N,0,0,\N,0,0,1,0,0,\N,No,0,0,7,4,22,Mans manhood choped - off by hoodlums,attack,\N,"Confirmed by the special adviser to the Commissioner of police in Imo State, Mike Abatam",1,http://saharareporters.com/2021/07/05/hoodlums-chop-imo-politician%E2%80%99s-manhood-allegedly-working-against-biafra-leading-military,\N,\N,Sources: Saharareporters,Secondary,1,2026-01-25 11:22:31,2026-01-25 11:22:31,\N
788,2021-07-05,9,1,1,5,809,Sunkani,0,0,\N,0,0,\N,0,0,\N,0,0,1,No,0,0,14,4,22,Kidnappers abduct Taraba NLC Chairman,attack,\N,Eye Witness,1,http://saharareporters.com/2c021/07/05/gunmen-kidnap-labour-leader-taraba,\N,\N,Sources: Saharareporters,Secondary,1,2026-01-25 11:22:31,2026-01-25 11:22:31,\N
789,2021-07-06,1,1,4,24,474,Onu Asata,0,0,\N,0,0,\N,0,0,\N,0,0,\N,No,0,0,1,4,22,Robbers attack supermarket cart away properties,attack,\N,Eye Witness,1,https://guardian.ng/news/bandits-attack-supermarket-in-enugu-cart-away-goods-worth-over-n1-million/,\N,\N,Sources: The Guardian,Secondary,1,2026-01-25 11:22:31,2026-01-25 11:22:31,\N
790,2021-07-06,1,1,3,14,239,Dundubus,0,0,\N,0,0,1,0,0,\N,0,0,\N,No,0,0,1,21,22,Robbers kill soldier,attack,\N,"Confirmed by the police spokesperson in Jigawa, Lawan Adam",1,https://www.premiumtimesng.com/regional/nwest/471998-robbers-kill-army-officer-in-jigawa.html,\N,\N,Sources: Premium Times,Secondary,1,2026-01-25 11:22:31,2026-01-25 11:22:31,\N
791,2021-07-06,6,1,6,32,652,Ikosu-Ekiti,0,0,\N,0,0,\N,0,0,\N,0,0,4,No,0,0,8,23,22,Kidnappers abduct 4 farmers,attack,\N,"Confirmed by  Police Public  Rations Officer, Ekiti Command, ASP Sunday Abutu",1,https://guardian.ng/news/gunmen-kidnap-4-farmers-in-ekiti-demand-n50m-ransom/,\N,\N,Sources: The Guardian,Secondary,1,2026-01-25 11:22:31,2026-01-25 11:22:31,\N
792,2021-07-06,9,1,6,36,735,Ede,0,0,\N,0,0,\N,0,0,1,0,0,\N,No,0,0,14,4,22,Kidnappers abduct traveller,attack,\N,"Confirmed by Osun State Police spokesperson, Yemisi Opalola",1,https://www.premiumtimesng.com/regional/ssouth-west/471943-gunmen-kidnap-passenger-in-osun.html,\N,\N,Sources: Premium Times,Secondary,1,2026-01-25 11:22:31,2026-01-25 11:22:31,\N
793,2021-07-06,9,1,4,25,496,Okohia,0,0,1,0,0,\N,0,0,\N,0,0,1,No,0,0,21,14,22,Police kill kidnapper,attack,\N,"Confirmed by the Imo State Commissioner of Police, Abutu Yaro",1,https://www.vanguardngr.com/2021/07/one-kidnapper-killed-others-fled-1-officer-injured-in-imo/,\N,\N,Sources: Vanguard,Secondary,1,2026-01-25 11:22:31,2026-01-25 11:22:31,\N
794,2021-07-06,8,1,2,12,212,Miango,0,0,\N,0,0,\N,0,0,\N,0,0,\N,No,0,0,7,4,22,Gunmen shoot at traditional rulers car. Nobody was hurt,attack,\N,Eye Witness,1,https://punchng.com/plateau-monarch-escapes-gunmen-attack-after-peace-meeting-with-herders/,\N,\N,Sources: Punch,Secondary,1,2026-01-25 11:22:31,2026-01-25 11:22:31,\N
795,2021-07-06,7,1,6,33,658,Apapa,0,0,\N,0,0,\N,0,0,3,0,0,\N,No,0,0,26,21,22,Clash between hoodlums and security operatives,attack,\N,Eye Witness,1,https://thenationonlineng.net/three-injured-as-hoodlums-clash-in-apapa/,\N,\N,Sources: Daily post,Secondary,1,2026-01-25 11:22:31,2026-01-25 11:22:31,\N
796,2021-07-07,2,1,1,5,81,Kundi District,0,0,3,0,0,\N,0,0,\N,0,0,\N,No,0,0,8,4,22,Village head and two others killed by herders,attack,\N,Eye Witness,1,https://punchng.com/suspected-herdsmen-kill-taraba-village-two-others-in-night-raid/,\N,\N,Sources: Punch,Secondary,1,2026-01-25 11:22:31,2026-01-25 11:22:31,\N
797,2021-07-07,9,1,5,28,561,Calabar,0,0,\N,0,0,\N,0,0,\N,0,0,\N,No,0,0,14,4,22,"'Kidnappers abduct Ayade\'s aide', 'attack', NULL, 'Confirmed by the State Commissioner of Police (CP)","Sikiru Akande', '1', 'https://guardian.ng/news/unknown-gunmen-abduct-ayades-aide-in-calabar/', NULL, NULL, 'Sources: The Guardian', 'Secondary', 1, '2026-01-25 11:22:31', '2026-01-25 11:22:31', NULL),
(798, '2021-07-07', 1, 1, 6, 35, 702, 'Igbara-Oke', 0, 0, 1, 0, 0, NULL, 0, 0, NULL, 0, 0, NULL, 'No', 0, 0, 21, 1, 22, 'Police foil attempted robbery","kill 1 armed robber.', 'attack', NULL, 'Confirmed by the Ondo Police Public Relations Officer (PPRO) in the state","Tee-Leo Ikoro', '1', 'https://dailypost.ng/2021/07/07/police-kill-robber-in-ondo-foil-attempt-to-rob-merchant-of-n13m/', NULL, NULL, 'Sources: Daily post', 'Secondary', 1, '2026-01-25 11:22:31', '2026-01-25 11:22:31', NULL),
(799, '2021-07-07', 8, 1, 4, 24, 476, 'Awkunanaw', 0, 0, 2, 0, 0, NULL, 0, 0, NULL, 0, 0, 1, 'No', 0, 0, 29, 4, 22, 'Gunmen assasinate professor","kill orderly and abduct daughter', 'attack', NULL, 'Confirmed by Enugu State police spokesman","ASP Daniel Ndukwe', '1', 'https://dailypost.ng/2021/07/07/sedi-md-prof-simon-ndubuisi-murdered-in-enugu-by-unkonwn-gunmen/', NULL, NULL, 'Sources: Premium Times', 'Secondary', 1, '2026-01-25 11:22:31', '2026-01-25 11:22:31', NULL),
(800, '2021-07-07', 2, 1, 3, 17, 330, 'Tsauwa', 0, 0, 18, 0, 0, NULL, 0, 0, 1, 0, 0, NULL, 'No', 0, 0, 2, 4, 22, 'Bandits kill 18 villagers', 'attack', NULL, 'Confirmed by  Kastsina police spokesperson","Gambo Isah', '1', 'https://www.premiumtimesng.com/regional/nwest/472088-bandits-kill-18-persons-in-attack-on-katsina-community.html', NULL, NULL, 'Sources: Premium Times', 'Secondary', 1, '2026-01-25 11:22:31', '2026-01-25 11:22:31', NULL),
(801, '2021-07-07', 9, 1, 5, 30, 609, 'Ugboko', 0, 0, NULL, 0, 0, NULL, 0, 0, NULL, 0, 0, 1, 'No', 0, 0, 14, 4, 22, 'Kidnappers abduct 1 in Edo', 'attack', NULL, 'Eye Witness', '1', 'https://dailypost.ng/2021/07/07/kidnappers-abduct-pdp-member-in-edo-demand-n20m-ransom/', NULL, NULL, 'Sources: Daily post', 'Secondary', 1, '2026-01-25 11:22:31', '2026-01-25 11:22:31', NULL),
(802, '2021-07-07', 3, 1, 2, 11, 198, 'Boku', 0, 0, 3, 0, 0, NULL, 0, 0, NULL, 0, 0, NULL, 'No', 0, 0, 5, 5, 22, '3 people die in communual clash in Benue', 'attack', NULL, 'Confirmed by the police spokesperson for Niger State","Wasiu Abiodun', '1', 'https://punchng.com/three-killed-in-niger-as-communities-clash-over-land/', NULL, NULL, 'Sources: Punch', 'Secondary', 1, '2026-01-25 11:22:31', '2026-01-25 11:22:31', NULL),
(803, '2021-07-07', 2, 1, 3, 15, 282, 'Kibori', 0, 0, 4, 0, 0, NULL, 0, 0, NULL, 0, 0, NULL, 'No', 0, 0, 2, 4, 22, 'Bandits kill 4 family members', 'attack', NULL, 'Eye Witness', '1', 'https://dailypost.ng/2021/07/07/suspected-herdsmen-allegedly-kill-family-of-four-in-southern-kaduna/', NULL, NULL, 'Sources: Daily post', 'Secondary', 1, '2026-01-25 11:22:31', '2026-01-25 11:22:31', NULL),
(804, '2021-07-08', 9, 1, 5, 30, 602, 'Benin-Ekpoma', 0, 0, NULL, 0, 0, NULL, 0, 0, NULL, 0, 0, NULL, 'No', 0, 0, 21, 14, 22, 'Clash between police and kidnappers led to the freedom of 6 victims and arrest of two kidnappers', 'attack', NULL, 'Confirmed by spokesman of the Edo State Police Command","SP Bello Kontongs', '1', 'https://punchng.com/police-rescue-six-kidnapped-victims-arrest-two-suspects-in-edo/', NULL, NULL, 'Sources: Punch', 'Secondary', 1, '2026-01-25 11:22:31', '2026-01-25 11:22:31', NULL),
(805, '2021-07-08', 2, 1, 1, 1, 7, 'Dabna', 0, 0, 24, 0, 0, NULL, 0, 0, NULL, 0, 0, NULL, 'No', 0, 0, 2, 4, 22, 'Bandits kill 24 in Adamawa', 'attack', NULL, 'Confirmed by Brigade Public Relations Officer (PRO,) Major Sani Mohammed', '1', 'https://guardian.ng/news/terrorists-kill-24-in-adamawa-community/', NULL, NULL, 'Sources: The Guardian', 'Secondary', 1, '2026-01-25 11:22:31', '2026-01-25 11:22:31', NULL),
(806, '2021-07-08', 2, 1, 3, 17, 343, 'Jibia', 0, 0, NULL, 0, 0, 2, 0, 0, 1, 0, 0, NULL, 'No', 0, 0, 2, 21, 22, 'Bandits kill 2 immigration officers","injure 1 soldier', 'attack', NULL, 'Eye Witness', '1', 'https://www.premiumtimesng.com/news/top-news/472392-bandits-kill-nigerian-immigration-officers-injure-soldier-in-fresh-katsina-attack.html', NULL, NULL, 'Sources: Premium Times', 'Secondary', 1, '2026-01-25 11:22:31', '2026-01-25 11:22:31', NULL),
(807, '2021-07-09', 2, 1, 3, 15, 282, 'Warkan', 0, 0, 9, 0, 0, NULL, 0, 0, NULL, 0, 0, NULL, 'No', 0, 0, 2, 4, 22, 'Bandits kill 9 in Kaduna', 'attack', NULL, 'Eye Witness', '1', 'https://dailypost.ng/2021/07/09/again-9-killed-others-injured-houses-destroyed-as-herdsmen-invade-southern-kaduna/', NULL, NULL, 'Sources: Daily post', 'Secondary', 1, '2026-01-25 11:22:31', '2026-01-25 11:22:31', NULL),
(808, '2021-07-09', 2, 1, 3, 18, 362, 'Marke', 0, 0, NULL, 0, 0, 7, 0, 0, NULL, 0, 0, NULL, 'No', 0, 0, 2, 21, 22, 'Bandits kill 7 soldiers', 'attack', NULL, 'Confirmed by the Governor of Kebbi State","Atiku Bagudu', '1', 'https://www.premiumtimesng.com/news/top-news/472572-kebbi-governor-says-seven-soldiers-killed-in-bandits-attack.html', NULL, NULL, 'Sources: Premium Times', 'Secondary', 1, '2026-01-25 11:22:31', '2026-01-25 11:22:31', NULL),
(809, '2021-07-09', 2, 1, 3, 20, 414, 'Faru District', 0, 0, 35, 0, 0, NULL, 0, 0, NULL, 0, 0, NULL, 'No', 0, 0, 2, 4, 22, 'Bandits kill 35 villagers in Zamfara', 'attack', NULL, 'Confirmed by the police spokesperson for Zamfara State","Mohammed Shehu', '1', 'https://www.premiumtimesng.com/regional/nwest/472696-bandits-kill-35-persons-in-reprisal-attacks-on-zamfara-community-police.html', NULL, NULL, 'Sources: Premium Times', 'Secondary', 1, '2026-01-25 11:22:31', '2026-01-25 11:22:31', NULL),
(810, '2021-07-09', 2, 1, 2, 11, 200, 'Komponi Bobi', 0, 0, 2, 0, 0, 2, 0, 0, 1, 0, 0, NULL, 'No', 0, 0, 2, 21, 22, 'Bandits kill two policemen","two women in Niger State', 'attack', NULL, 'Eye Witness', '1', 'https://www.newtelegraphng.com/insecurity-bandits-kill-2-policemen-2-women-injure-others-in-niger-attack/', NULL, NULL, 'Sources: New Telegraph', 'Secondary', 1, '2026-01-25 11:22:31', '2026-01-25 11:22:31', NULL),
(811, '2021-07-09', 9, 1, 2, 12, 223, 'Pankshin', 0, 0, 1, 0, 0, NULL, 0, 0, NULL, 0, 0, NULL, 'No', 0, 0, 14, 4, 22, 'Kidnappers abduct 1 student', 'attack', NULL, 'Eye Witness', '1', 'https://punchng.com/gunmen-kidnap-final-year-student-in-plateau-demand-n5m-ransom/', NULL, NULL, 'Sources: Punch', 'Secondary', 1, '2026-01-25 11:22:31', '2026-01-25 11:22:31', NULL),
(812, '2021-07-09', 2, 1, 2, 11, 207, 'Manta', 0, 0, NULL, 0, 0, NULL, 0, 0, NULL, 0, 0, 60, 'No', 0, 0, 2, 4, 22, 'Bandicts abduct 60 in Shiroro', 'attack', NULL, 'Eye Witness', '1', 'https://www.thisdaylive.com/index.php/2021/07/09/bandits-raid-niger-village-abduct-60-people/', NULL, NULL, 'Sources: Thisday', 'Secondary', 1, '2026-01-25 11:22:31', '2026-01-25 11:22:31', NULL),
(813, '2021-07-09', 5, 1, 5, 29, 586, 'Asaba', 0, 0, 1, 0, 0, NULL, 0, 0, NULL, 0, 0, NULL, 'No', 0, 0, 21, 4, 22, 'Police kill 1 man', 'attack', NULL, 'Confirmed by the Delta State Police Public Relations Officer","Mr. Bright Edafe', '1', 'https://www.vanguardngr.com/2021/07/confusion-as-police-kill-suspected-criminal-in-delta/', NULL, NULL, 'Sources: Vanguard', 'Secondary', 1, '2026-01-25 11:22:31', '2026-01-25 11:22:31', NULL),
(814, '2021-07-09', 2, 1, 3, 15, 807, 'Golkofa', 0, 0, 3, 0, 0, NULL, 0, 0, NULL, 0, 0, NULL, 'No', 0, 0, 2, 4, 22, 'Bandits kill 3 in Jema\'a, Kaduna'",attack,\N,"Confirmed by the The Commissioner for Internal Security and Home Affairs in Kaduna, Samuel Aruwan",1,https://www.premiumtimesng.com/news/top-news/460522-insecurity-five-killed-in-kaduna-one-missing-official.html,\N,\N,Sources: Premium Times,Secondary,1,2026-01-25 11:22:31,2026-01-25 11:22:31,\N
815,2021-07-10,2,1,3,15,283,Milgoma,0,0,\N,0,0,\N,0,0,\N,0,0,4,No,0,0,2,4,22,Bandits kindap woman and three children,attack,\N,Eye Witness,1,https://thenationonlineng.net/bandits-kidnap-woman-three-children-in-zaria/,\N,\N,Sources: The Nation,Secondary,1,2026-01-25 11:22:31,2026-01-25 11:22:31,\N
816,2021-07-10,4,1,2,7,115,Apa,0,0,1,0,0,\N,0,0,\N,0,0,\N,No,0,0,24,24,22,Cultist clash leave 1 dead.,attack,\N,Eye Witness,1,https://dailypost.ng/2021/07/10/one-dead-scores-injured-as-7-7-cult-celebration-turns-bloody-in-benue/,\N,\N,Sources: Daily post,Secondary,1,2026-01-25 11:22:31,2026-01-25 11:22:31,\N
817,2021-07-11,2,1,3,15,272,Kajuru,0,0,\N,0,0,\N,0,0,\N,0,0,11,No,0,0,2,4,22,Emir of Kajuru and 10 others were kidnapped by bandits in Kajuru kaduna.,attack,\N,"Confirmed by kaduna State Police Public Relations Officer, Mohammed Jalige",1,https://www.premiumtimesng.com/news/headlines/472898-just-in-bandits-abduct-kaduna-emir-10-others.html,\N,\N,Sources: Premium Times,Secondary,1,2026-01-25 11:22:31,2026-01-25 11:22:31,\N
818,2021-07-11,8,1,6,37,777,Akinkunmi,0,0,1,0,0,\N,0,0,\N,0,0,2,No,0,0,7,4,22,Man killed by bandits in Oyo,attack,\N,Eye Witness,1,http://saharareporters.com/2021/07/11/fulani-herdsmen-lure-butcher-sale-cow-kill-him-abduct-two-others-ibadan,\N,\N,Sources: Saharareporters,Secondary,1,2026-01-25 11:22:31,2026-01-25 11:22:31,\N
819,2021-07-11,2,1,3,20,407,Bakura,0,0,\N,0,0,\N,0,0,\N,0,0,2,No,0,0,2,4,22,Bandits abduct 2 provost and teacher in Zamfara,attack,\N,"Confirmed by the police spokesperson for Zamfara State, Mohammed Shehu",1,https://thenationonlineng.net/police-confirm-abduction-of-provost-school-teacher-in-zamfara/,\N,\N,Sources: The Nation,Secondary,1,2026-01-25 11:22:31,2026-01-25 11:22:31,\N
820,2021-07-12,4,1,5,29,586,Camp 74,0,0,1,0,0,\N,0,0,1,0,0,\N,No,0,0,24,24,22,Gunmen kill former NULGE chairman in Delta,attack,\N,"Confirmed by the Delta State Police Public Relations Officer, Mr. Bright Edafe",1,https://www.sunnewsonline.com/delta-gunmen-kill-former-nulge-chairman/,\N,\N,Sources: The Sun,Secondary,1,2026-01-25 11:22:31,2026-01-25 11:22:31,\N
821,2021-07-12,8,1,5,31,624,Egbeda,0,0,\N,0,0,\N,0,0,\N,0,0,4,No,0,0,7,4,22,Gunmen abduct 4 civilians in Rivers state,attack,\N,Eye Witness,1,https://dailypost.ng/2021/07/12/armed-men-kidnap-4-in-rivers-community/,\N,\N,Sources: Daily post,Secondary,1,2026-01-25 11:22:31,2026-01-25 11:22:31,\N
822,2021-07-13,5,1,6,33,669,Ladipo Market,0,0,1,0,0,\N,0,0,3,0,0,\N,No,0,0,21,4,22,Clash between Airforce lead to the death of one trader and 3 injured,armed clash,\N,Eye Witness,1,https://www.vanguardngr.com/2021/07/updated-one-killed-three-others-feared-dead-in-air-force-traders-clash/,\N,\N,Sources: Daily post,Secondary,1,2026-01-25 11:22:31,2026-01-25 11:22:31,\N
823,2021-07-13,8,1,4,22,446,Abatete,0,0,2,0,0,3,0,0,\N,0,0,\N,No,0,0,7,21,4,Gunmen kill 3 policemen and 2 civilians in Anambra,attack,\N,Eye Witness,1,https://thenationonlineng.net/breaking-gunmen-kill-three-policemen-two-others-in-anambra/,\N,\N,Sources: The Nation,Secondary,1,2026-01-25 11:22:31,2026-01-25 11:22:31,\N
824,2021-07-13,2,1,1,5,88,Baissa,0,0,1,0,0,\N,0,0,\N,0,0,\N,No,0,0,29,4,22,Gunmen assasinate priest in Taraba,attack,\N,"Confirmed by the Chairman of Kurmi local government council, Joseph Amamzala",1,https://www.premiumtimesng.com/regional/nnorth-east/473253-gunmen-assassinate-priest-in-taraba.html,\N,\N,Sources: Premium Times,Secondary,1,2026-01-25 11:22:31,2026-01-25 11:22:31,\N
825,2021-07-13,2,1,3,15,282,Jankasa,0,0,10,0,0,\N,0,0,\N,0,0,\N,No,0,0,2,4,22,Bandits kill 10 in kaduna,attack,\N,Eye Witness,1,https://guardian.ng/news/10-feared-killed-houses-razed-in-fresh-kaduna-attack/,\N,\N,Sources: The Guardian,Secondary,1,2026-01-25 11:22:31,2026-01-25 11:22:31,\N
826,2021-07-14,4,1,5,29,586,Asaba,0,0,1,0,0,\N,0,0,\N,0,0,\N,No,0,0,24,24,22,Cultists kill 1 rival member,attack,\N,"Confirmed by the Delta State Police Public Relations Officer, Mr. Bright Edafe",1,https://guardian.ng/news/five-killed-in-cult-war-in-delta-as-gunmen-kill-delsu-student-abduct-two/,\N,\N,Sources: The Guardian,Secondary,1,2026-01-25 11:22:31,2026-01-25 11:22:31,\N
827,2021-07-14,4,1,5,29,586,Asaba,0,0,1,0,0,\N,0,0,\N,0,0,\N,No,0,0,24,24,22,Cultists kill 1 rival member,attack,\N,"Confirmed by the Delta State Police Public Relations Officer, Mr. Bright Edafe",1,https://guardian.ng/news/five-killed-in-cult-war-in-delta-as-gunmen-kill-delsu-student-abduct-two/,\N,\N,Sources: The Guardian,Secondary,1,2026-01-25 11:22:31,2026-01-25 11:22:31,\N
828,2021-07-14,9,1,1,2,39,Tilden Fulani,0,0,1,0,0,\N,0,0,\N,0,0,\N,No,0,0,14,4,22,Kidnappers kill pharmacist when he refused to be abducted,attack,\N,"Confirmed by the Police Public Relations Officer, Bauchi State Police Command, Ahmed Wakil",1,http://saharareporters.com/2021/07/14/suspected-kidnappers-kill-40-year-old-businessman-bauchi,\N,\N,Sources: Saharareporters,Secondary,1,2026-01-25 11:22:31,2026-01-25 11:22:31,\N
829,2021-07-14,4,1,5,29,576,Oria,0,0,1,0,0,\N,0,0,\N,0,0,2,No,0,0,24,24,22,"Cultists kill 1 rival member, abduct two in Ethiope east, Delta State",attack,\N,"Confirmed by the Delta State Police Public Relations Officer, Mr. Bright Edafe",1,https://guardian.ng/news/five-killed-in-cult-war-in-delta-as-gunmen-kill-delsu-student-abduct-two/,\N,\N,Sources: The Guardian,Secondary,1,2026-01-25 11:22:31,2026-01-25 11:22:31,\N
830,2021-07-15,2,1,2,11,205,Guna,0,0,1,0,0,\N,0,0,\N,0,0,5,No,0,0,2,4,22,Bandits kill 1 and abduct 5 in Niger State,attack,\N,"Confirmed by the Chief Press Secretary to Governor Abubakar Sani Bello, Mrs. Mary Noel-Berje",1,https://www.sunnewsonline.com/bandits-kill-1-abduct-5-rustle-cattle-in-niger/,\N,\N,Sources: The Sun,Secondary,1,2026-01-25 11:22:31,2026-01-25 11:22:31,\N
831,2021-07-15,4,1,4,22,442,Ifite Awka,0,0,3,0,0,\N,0,0,\N,0,0,\N,No,0,0,24,24,22,Rival cult clash claims 3 lives,attack,\N,Confirmed by the Anambra State police spokesman Ikenga Tochukwu,1,https://punchng.com/suspected-cultists-strike-again-in-anambra-kill-three/,\N,\N,Sources: Punch,Secondary,1,2026-01-25 11:22:31,2026-01-25 11:22:31,\N
832,2021-07-15,1,1,6,35,702,Ilara-Mokin,0,0,2,0,0,1,0,0,\N,0,0,\N,No,0,0,1,21,4,"Bank robbers kill Policeman, Journalist and Okada rider",attack,\N,"Confirmed by  The police spokesperson in the state, Mr Tee-Leo Ikoro",1,https://www.vanguardngr.com/2021/07/journalist-policeman-okada-rider-killed-in-ondo-bank-robbery/,\N,\N,Sources: Vanguard,Secondary,1,2026-01-25 11:22:31,2026-01-25 11:22:31,\N
833,2021-07-15,8,1,4,24,808,Adani,0,0,\N,0,0,2,0,0,\N,0,0,\N,No,0,0,7,21,22,Gunmen kill 2 soldiers in Enugu,attack,\N,"Confirmed by the army spokesperson, Brigadier General Onyema Nwachukwu",1,https://www.sunnewsonline.com/2-soldiers-killed-as-esn-attacks-enugu-location/,\N,\N,Sources: The Sun,Secondary,1,2026-01-25 11:22:31,2026-01-25 11:22:31,\N
834,2021-07-16,2,1,2,8,152,Unknown,0,0,\N,0,0,1,0,0,\N,0,0,1,No,0,0,2,21,4,"its kill former provost mashall, abduct in-law",attack,Lokoja-Abuja,"Confirmed by the army spokesperson, Brigadier General Onyema Nwachukwu",1,https://www.vanguardngr.com/2021/07/army-provost-marshal-killed-by-bandits-along-lokoja-abuja-highway/,\N,\N,Sources: Vanguard,Secondary,1,2026-01-25 11:22:31,2026-01-25 11:22:31,\N
835,2021-07-16,9,1,3,14,260,Gallu,0,0,1,0,0,\N,0,0,\N,0,0,\N,No,0,0,21,14,22,"Police kill gang leader, arrest others and release hostage",attack,\N,"Confirmed by  Kastsina police spokesperson, Gambo Isah",1,https://www.vanguardngr.com/2021/07/bandit-kingpin-killed-two-others-arrested-after-gun-duel/,\N,\N,Sources: Vanguard,Secondary,1,2026-01-25 11:22:31,2026-01-25 11:22:31,\N
